t_index,t,prior,model,prediction
0,0.0,Gaussian,MLP,0.03338261693716049
1,0.02040816326530612,Gaussian,MLP,0.04331719130277634
2,0.04081632653061224,Gaussian,MLP,0.070315882563591
3,0.061224489795918366,Gaussian,MLP,0.12369374185800552
4,0.08163265306122448,Gaussian,MLP,0.17001408338546753
5,0.1020408163265306,Gaussian,MLP,0.2125709056854248
6,0.12244897959183673,Gaussian,MLP,0.23826344311237335
7,0.14285714285714285,Gaussian,MLP,0.2660024166107178
8,0.16326530612244897,Gaussian,MLP,0.29675009846687317
9,0.18367346938775508,Gaussian,MLP,0.3304896950721741
10,0.2040816326530612,Gaussian,MLP,0.3687010705471039
11,0.22448979591836732,Gaussian,MLP,0.4029945433139801
12,0.24489795918367346,Gaussian,MLP,0.44476035237312317
13,0.26530612244897955,Gaussian,MLP,0.4769189655780792
14,0.2857142857142857,Gaussian,MLP,0.4911910593509674
15,0.3061224489795918,Gaussian,MLP,0.5250382423400879
16,0.32653061224489793,Gaussian,MLP,0.5408352613449097
17,0.3469387755102041,Gaussian,MLP,0.5555791854858398
18,0.36734693877551017,Gaussian,MLP,0.548063337802887
19,0.3877551020408163,Gaussian,MLP,0.5284189581871033
20,0.4081632653061224,Gaussian,MLP,0.5580581426620483
21,0.42857142857142855,Gaussian,MLP,0.5864286422729492
22,0.44897959183673464,Gaussian,MLP,0.5791387557983398
23,0.4693877551020408,Gaussian,MLP,0.556123673915863
24,0.4897959183673469,Gaussian,MLP,0.5672133564949036
25,0.5102040816326531,Gaussian,MLP,0.5793363451957703
26,0.5306122448979591,Gaussian,MLP,0.5622747540473938
27,0.5510204081632653,Gaussian,MLP,0.5553219318389893
28,0.5714285714285714,Gaussian,MLP,0.5338163375854492
29,0.5918367346938775,Gaussian,MLP,0.5192906856536865
30,0.6122448979591836,Gaussian,MLP,0.5271456241607666
31,0.6326530612244897,Gaussian,MLP,0.5200415849685669
32,0.6530612244897959,Gaussian,MLP,0.5008911490440369
33,0.673469387755102,Gaussian,MLP,0.4730658233165741
34,0.6938775510204082,Gaussian,MLP,0.438720703125
35,0.7142857142857142,Gaussian,MLP,0.3865792155265808
36,0.7346938775510203,Gaussian,MLP,0.33456557989120483
37,0.7551020408163265,Gaussian,MLP,0.26672136783599854
38,0.7755102040816326,Gaussian,MLP,0.23397524654865265
39,0.7959183673469387,Gaussian,MLP,0.21323898434638977
40,0.8163265306122448,Gaussian,MLP,0.1780262440443039
41,0.836734693877551,Gaussian,MLP,0.15245714783668518
42,0.8571428571428571,Gaussian,MLP,0.13277235627174377
43,0.8775510204081632,Gaussian,MLP,0.11185593158006668
44,0.8979591836734693,Gaussian,MLP,0.08829861134290695
45,0.9183673469387754,Gaussian,MLP,0.07158544659614563
46,0.9387755102040816,Gaussian,MLP,0.0708746388554573
47,0.9591836734693877,Gaussian,MLP,0.0633728951215744
48,0.9795918367346939,Gaussian,MLP,0.05087871477007866
49,1.0,Gaussian,MLP,0.04310869053006172
0,0.0,Gaussian,CNN,0.02108817920088768
1,0.02040816326530612,Gaussian,CNN,0.041101425886154175
2,0.04081632653061224,Gaussian,CNN,0.07565345615148544
3,0.061224489795918366,Gaussian,CNN,0.11562982201576233
4,0.08163265306122448,Gaussian,CNN,0.15635448694229126
5,0.1020408163265306,Gaussian,CNN,0.19528566300868988
6,0.12244897959183673,Gaussian,CNN,0.2366437315940857
7,0.14285714285714285,Gaussian,CNN,0.28369978070259094
8,0.16326530612244897,Gaussian,CNN,0.3049609363079071
9,0.18367346938775508,Gaussian,CNN,0.3348671793937683
10,0.2040816326530612,Gaussian,CNN,0.3678201735019684
11,0.22448979591836732,Gaussian,CNN,0.3894408047199249
12,0.24489795918367346,Gaussian,CNN,0.4254956841468811
13,0.26530612244897955,Gaussian,CNN,0.4795944392681122
14,0.2857142857142857,Gaussian,CNN,0.5024878978729248
15,0.3061224489795918,Gaussian,CNN,0.53767329454422
16,0.32653061224489793,Gaussian,CNN,0.5409193634986877
17,0.3469387755102041,Gaussian,CNN,0.5540276765823364
18,0.36734693877551017,Gaussian,CNN,0.533353865146637
19,0.3877551020408163,Gaussian,CNN,0.5105563402175903
20,0.4081632653061224,Gaussian,CNN,0.5548796057701111
21,0.42857142857142855,Gaussian,CNN,0.576200544834137
22,0.44897959183673464,Gaussian,CNN,0.5572644472122192
23,0.4693877551020408,Gaussian,CNN,0.5360625386238098
24,0.4897959183673469,Gaussian,CNN,0.5441471934318542
25,0.5102040816326531,Gaussian,CNN,0.5735662579536438
26,0.5306122448979591,Gaussian,CNN,0.5584827065467834
27,0.5510204081632653,Gaussian,CNN,0.545161247253418
28,0.5714285714285714,Gaussian,CNN,0.500359058380127
29,0.5918367346938775,Gaussian,CNN,0.4771210849285126
30,0.6122448979591836,Gaussian,CNN,0.5006650686264038
31,0.6326530612244897,Gaussian,CNN,0.5190107822418213
32,0.6530612244897959,Gaussian,CNN,0.5029504299163818
33,0.673469387755102,Gaussian,CNN,0.4841267168521881
34,0.6938775510204082,Gaussian,CNN,0.4624045789241791
35,0.7142857142857142,Gaussian,CNN,0.3977728486061096
36,0.7346938775510203,Gaussian,CNN,0.33279117941856384
37,0.7551020408163265,Gaussian,CNN,0.2861539423465729
38,0.7755102040816326,Gaussian,CNN,0.2606748640537262
39,0.7959183673469387,Gaussian,CNN,0.26490750908851624
40,0.8163265306122448,Gaussian,CNN,0.23670019209384918
41,0.836734693877551,Gaussian,CNN,0.21505051851272583
42,0.8571428571428571,Gaussian,CNN,0.18817497789859772
43,0.8775510204081632,Gaussian,CNN,0.1614779382944107
44,0.8979591836734693,Gaussian,CNN,0.11582773178815842
45,0.9183673469387754,Gaussian,CNN,0.08172549307346344
46,0.9387755102040816,Gaussian,CNN,0.0769740492105484
47,0.9591836734693877,Gaussian,CNN,0.050752535462379456
48,0.9795918367346939,Gaussian,CNN,0.03487735614180565
49,1.0,Gaussian,CNN,0.029923925176262856
0,0.0,Gaussian,DeepONet_MLP_Fourier,0.029474886134266853
1,0.02040816326530612,Gaussian,DeepONet_MLP_Fourier,0.06615647673606873
2,0.04081632653061224,Gaussian,DeepONet_MLP_Fourier,0.11152885109186172
3,0.061224489795918366,Gaussian,DeepONet_MLP_Fourier,0.1454758495092392
4,0.08163265306122448,Gaussian,DeepONet_MLP_Fourier,0.186178058385849
5,0.1020408163265306,Gaussian,DeepONet_MLP_Fourier,0.23134995996952057
6,0.12244897959183673,Gaussian,DeepONet_MLP_Fourier,0.256891667842865
7,0.14285714285714285,Gaussian,DeepONet_MLP_Fourier,0.2952481508255005
8,0.16326530612244897,Gaussian,DeepONet_MLP_Fourier,0.3078762888908386
9,0.18367346938775508,Gaussian,DeepONet_MLP_Fourier,0.3419618606567383
10,0.2040816326530612,Gaussian,DeepONet_MLP_Fourier,0.3677941858768463
11,0.22448979591836732,Gaussian,DeepONet_MLP_Fourier,0.4002546966075897
12,0.24489795918367346,Gaussian,DeepONet_MLP_Fourier,0.41787075996398926
13,0.26530612244897955,Gaussian,DeepONet_MLP_Fourier,0.4649849832057953
14,0.2857142857142857,Gaussian,DeepONet_MLP_Fourier,0.49602648615837097
15,0.3061224489795918,Gaussian,DeepONet_MLP_Fourier,0.5386772751808167
16,0.32653061224489793,Gaussian,DeepONet_MLP_Fourier,0.5550457239151001
17,0.3469387755102041,Gaussian,DeepONet_MLP_Fourier,0.5598529577255249
18,0.36734693877551017,Gaussian,DeepONet_MLP_Fourier,0.5233738422393799
19,0.3877551020408163,Gaussian,DeepONet_MLP_Fourier,0.5187984108924866
20,0.4081632653061224,Gaussian,DeepONet_MLP_Fourier,0.541379451751709
21,0.42857142857142855,Gaussian,DeepONet_MLP_Fourier,0.575685441493988
22,0.44897959183673464,Gaussian,DeepONet_MLP_Fourier,0.5804787278175354
23,0.4693877551020408,Gaussian,DeepONet_MLP_Fourier,0.5464567542076111
24,0.4897959183673469,Gaussian,DeepONet_MLP_Fourier,0.5727485418319702
25,0.5102040816326531,Gaussian,DeepONet_MLP_Fourier,0.5662083029747009
26,0.5306122448979591,Gaussian,DeepONet_MLP_Fourier,0.565455973148346
27,0.5510204081632653,Gaussian,DeepONet_MLP_Fourier,0.5443318486213684
28,0.5714285714285714,Gaussian,DeepONet_MLP_Fourier,0.5073962211608887
29,0.5918367346938775,Gaussian,DeepONet_MLP_Fourier,0.4885158836841583
30,0.6122448979591836,Gaussian,DeepONet_MLP_Fourier,0.5016878247261047
31,0.6326530612244897,Gaussian,DeepONet_MLP_Fourier,0.5129064321517944
32,0.6530612244897959,Gaussian,DeepONet_MLP_Fourier,0.500127911567688
33,0.673469387755102,Gaussian,DeepONet_MLP_Fourier,0.46608084440231323
34,0.6938775510204082,Gaussian,DeepONet_MLP_Fourier,0.4455854296684265
35,0.7142857142857142,Gaussian,DeepONet_MLP_Fourier,0.41206222772598267
36,0.7346938775510203,Gaussian,DeepONet_MLP_Fourier,0.3374214470386505
37,0.7551020408163265,Gaussian,DeepONet_MLP_Fourier,0.31684401631355286
38,0.7755102040816326,Gaussian,DeepONet_MLP_Fourier,0.26705941557884216
39,0.7959183673469387,Gaussian,DeepONet_MLP_Fourier,0.26787427067756653
40,0.8163265306122448,Gaussian,DeepONet_MLP_Fourier,0.2196311205625534
41,0.836734693877551,Gaussian,DeepONet_MLP_Fourier,0.17242926359176636
42,0.8571428571428571,Gaussian,DeepONet_MLP_Fourier,0.1492094099521637
43,0.8775510204081632,Gaussian,DeepONet_MLP_Fourier,0.1594153642654419
44,0.8979591836734693,Gaussian,DeepONet_MLP_Fourier,0.0643179789185524
45,0.9183673469387754,Gaussian,DeepONet_MLP_Fourier,0.09764138609170914
46,0.9387755102040816,Gaussian,DeepONet_MLP_Fourier,0.04913505166769028
47,0.9591836734693877,Gaussian,DeepONet_MLP_Fourier,0.046375926584005356
48,0.9795918367346939,Gaussian,DeepONet_MLP_Fourier,0.050778500735759735
49,1.0,Gaussian,DeepONet_MLP_Fourier,0.04153522104024887
0,0.0,Gaussian,MAP,0.014338707988437735
1,0.02040816326530612,Gaussian,MAP,0.04269619898792966
2,0.04081632653061224,Gaussian,MAP,0.08061381457123523
3,0.061224489795918366,Gaussian,MAP,0.1201700098248344
4,0.08163265306122448,Gaussian,MAP,0.159263763549371
5,0.1020408163265306,Gaussian,MAP,0.19754839242568578
6,0.12244897959183673,Gaussian,MAP,0.23482621347647378
7,0.14285714285714285,Gaussian,MAP,0.27090968465918325
8,0.16326530612244897,Gaussian,MAP,0.3056186902243622
9,0.18367346938775508,Gaussian,MAP,0.3387815949352389
10,0.2040816326530612,Gaussian,MAP,0.3702362715503362
11,0.22448979591836732,Gaussian,MAP,0.3998310581254176
12,0.24489795918367346,Gaussian,MAP,0.42742563820747453
13,0.26530612244897955,Gaussian,MAP,0.4528918377661765
14,0.2857142857142857,Gaussian,MAP,0.476114333411887
15,0.3061224489795918,Gaussian,MAP,0.4969912671946495
16,0.32653061224489793,Gaussian,MAP,0.5154347640589977
17,0.3469387755102041,Gaussian,MAP,0.5313713488379341
18,0.36734693877551017,Gaussian,MAP,0.5447422604977085
19,0.3877551020408163,Gaussian,MAP,0.5555036621848758
20,0.4081632653061224,Gaussian,MAP,0.5636267464719855
21,0.42857142857142855,Gaussian,MAP,0.5690977360393144
22,0.44897959183673464,Gaussian,MAP,0.5719177808600623
23,0.4693877551020408,Gaussian,MAP,0.5721027537675395
24,0.4897959183673469,Gaussian,MAP,0.5696829470682448
25,0.5102040816326531,Gaussian,MAP,0.5647026736175907
26,0.5306122448979591,Gaussian,MAP,0.5572197764884255
27,0.5510204081632653,Gaussian,MAP,0.5473050520309645
28,0.5714285714285714,Gaussian,MAP,0.5350415917407698
29,0.5918367346938775,Gaussian,MAP,0.5205240489135481
30,0.6122448979591836,Gaussian,MAP,0.5038578365687044
31,0.6326530612244897,Gaussian,MAP,0.4851582635637108
32,0.6530612244897959,Gaussian,MAP,0.4645496161944977
33,0.673469387755102,Gaussian,MAP,0.4421641928822903
34,0.6938775510204082,Gaussian,MAP,0.41814129978343745
35,0.7142857142857142,Gaussian,MAP,0.39262621532421377
36,0.7346938775510203,Gaussian,MAP,0.3657691317566268
37,0.7551020408163265,Gaussian,MAP,0.33772408185586195
38,0.7755102040816326,Gaussian,MAP,0.30864785883607215
39,0.7959183673469387,Gaussian,MAP,0.27869893745030744
40,0.8163265306122448,Gaussian,MAP,0.2480364040650053
41,0.836734693877551,Gaussian,MAP,0.21681890326354714
42,0.8571428571428571,Gaussian,MAP,0.18520360823871976
43,0.8775510204081632,Gaussian,MAP,0.1533452218865559
44,0.8979591836734693,Gaussian,MAP,0.12139501530807136
45,0.9183673469387754,Gaussian,MAP,0.08949996744934569
46,0.9387755102040816,Gaussian,MAP,0.05780805075242905
47,0.9591836734693877,Gaussian,MAP,0.02668849655033449
48,0.9795918367346939,Gaussian,MAP,-0.0008172478259025882
49,1.0,Gaussian,MAP,-0.013892857399121512
0,0.0,Gaussian,Sample_Mean,-0.002870636693959043
1,0.02040816326530612,Gaussian,Sample_Mean,-0.005889900992431291
2,0.04081632653061224,Gaussian,Sample_Mean,-0.00822234428962269
3,0.061224489795918366,Gaussian,Sample_Mean,-0.009170344032807755
4,0.08163265306122448,Gaussian,Sample_Mean,-0.001427181834665937
5,0.1020408163265306,Gaussian,Sample_Mean,0.005589656531949257
6,0.12244897959183673,Gaussian,Sample_Mean,0.0043643764237867215
7,0.14285714285714285,Gaussian,Sample_Mean,0.0006005088392004624
8,0.16326530612244897,Gaussian,Sample_Mean,0.000549750010330477
9,0.18367346938775508,Gaussian,Sample_Mean,1.315110733017381e-05
10,0.2040816326530612,Gaussian,Sample_Mean,0.0001054261499536293
11,0.22448979591836732,Gaussian,Sample_Mean,-0.0010042043598265484
12,0.24489795918367346,Gaussian,Sample_Mean,-0.0004051611217226101
13,0.26530612244897955,Gaussian,Sample_Mean,0.0028280041988379464
14,0.2857142857142857,Gaussian,Sample_Mean,0.005118260256875541
15,0.3061224489795918,Gaussian,Sample_Mean,0.0068855142856234135
16,0.32653061224489793,Gaussian,Sample_Mean,0.005575354432861192
17,0.3469387755102041,Gaussian,Sample_Mean,0.004005223955752816
18,0.36734693877551017,Gaussian,Sample_Mean,0.0024121162767528357
19,0.3877551020408163,Gaussian,Sample_Mean,-0.0009662185374185785
20,0.4081632653061224,Gaussian,Sample_Mean,-0.0004300299050358538
21,0.42857142857142855,Gaussian,Sample_Mean,0.004384448543892185
22,0.44897959183673464,Gaussian,Sample_Mean,0.002208339801963106
23,0.4693877551020408,Gaussian,Sample_Mean,0.0008205800003344498
24,0.4897959183673469,Gaussian,Sample_Mean,0.004852834617027553
25,0.5102040816326531,Gaussian,Sample_Mean,0.005916510568096827
26,0.5306122448979591,Gaussian,Sample_Mean,0.0047871184799337585
27,0.5510204081632653,Gaussian,Sample_Mean,0.006951817308375991
28,0.5714285714285714,Gaussian,Sample_Mean,0.0041708141706249535
29,0.5918367346938775,Gaussian,Sample_Mean,-0.0018819923649282663
30,0.6122448979591836,Gaussian,Sample_Mean,0.0014226339119823117
31,0.6326530612244897,Gaussian,Sample_Mean,0.0001618906590601632
32,0.6530612244897959,Gaussian,Sample_Mean,-0.004093869797129653
33,0.673469387755102,Gaussian,Sample_Mean,-0.005317801528170118
34,0.6938775510204082,Gaussian,Sample_Mean,-0.006040880957325771
35,0.7142857142857142,Gaussian,Sample_Mean,-0.002206710929677893
36,0.7346938775510203,Gaussian,Sample_Mean,-0.00037673605940464154
37,0.7551020408163265,Gaussian,Sample_Mean,0.0009115996787901907
38,0.7755102040816326,Gaussian,Sample_Mean,-0.002718138385412747
39,0.7959183673469387,Gaussian,Sample_Mean,-0.004401691916961594
40,0.8163265306122448,Gaussian,Sample_Mean,-0.0013193211014827578
41,0.836734693877551,Gaussian,Sample_Mean,-0.0036515966459678344
42,0.8571428571428571,Gaussian,Sample_Mean,0.00017469326616055656
43,0.8775510204081632,Gaussian,Sample_Mean,0.00032930003035126695
44,0.8979591836734693,Gaussian,Sample_Mean,-0.0002927059036886093
45,0.9183673469387754,Gaussian,Sample_Mean,-0.0027894991282520144
46,0.9387755102040816,Gaussian,Sample_Mean,0.0019570400371497977
47,0.9591836734693877,Gaussian,Sample_Mean,0.005063367483040062
48,0.9795918367346939,Gaussian,Sample_Mean,-0.0006535428482648724
49,1.0,Gaussian,Sample_Mean,0.0013665716760954288
0,0.0,Gaussian,True,0.0
1,0.02040816326530612,Gaussian,True,0.0
2,0.04081632653061224,Gaussian,True,0.0
3,0.061224489795918366,Gaussian,True,0.0
4,0.08163265306122448,Gaussian,True,0.0
5,0.1020408163265306,Gaussian,True,0.0
6,0.12244897959183673,Gaussian,True,0.0
7,0.14285714285714285,Gaussian,True,0.0
8,0.16326530612244897,Gaussian,True,0.0
9,0.18367346938775508,Gaussian,True,0.0
10,0.2040816326530612,Gaussian,True,0.0
11,0.22448979591836732,Gaussian,True,0.0
12,0.24489795918367346,Gaussian,True,0.0
13,0.26530612244897955,Gaussian,True,0.0
14,0.2857142857142857,Gaussian,True,0.0
15,0.3061224489795918,Gaussian,True,0.0
16,0.32653061224489793,Gaussian,True,0.0
17,0.3469387755102041,Gaussian,True,1.0
18,0.36734693877551017,Gaussian,True,1.0
19,0.3877551020408163,Gaussian,True,1.0
20,0.4081632653061224,Gaussian,True,1.0
21,0.42857142857142855,Gaussian,True,1.0
22,0.44897959183673464,Gaussian,True,1.0
23,0.4693877551020408,Gaussian,True,1.0
24,0.4897959183673469,Gaussian,True,1.0
25,0.5102040816326531,Gaussian,True,1.0
26,0.5306122448979591,Gaussian,True,1.0
27,0.5510204081632653,Gaussian,True,1.0
28,0.5714285714285714,Gaussian,True,1.0
29,0.5918367346938775,Gaussian,True,1.0
30,0.6122448979591836,Gaussian,True,1.0
31,0.6326530612244897,Gaussian,True,1.0
32,0.6530612244897959,Gaussian,True,1.0
33,0.673469387755102,Gaussian,True,0.0
34,0.6938775510204082,Gaussian,True,0.0
35,0.7142857142857142,Gaussian,True,0.0
36,0.7346938775510203,Gaussian,True,0.0
37,0.7551020408163265,Gaussian,True,0.0
38,0.7755102040816326,Gaussian,True,0.0
39,0.7959183673469387,Gaussian,True,0.0
40,0.8163265306122448,Gaussian,True,0.0
41,0.836734693877551,Gaussian,True,0.0
42,0.8571428571428571,Gaussian,True,0.0
43,0.8775510204081632,Gaussian,True,0.0
44,0.8979591836734693,Gaussian,True,0.0
45,0.9183673469387754,Gaussian,True,0.0
46,0.9387755102040816,Gaussian,True,0.0
47,0.9591836734693877,Gaussian,True,0.0
48,0.9795918367346939,Gaussian,True,0.0
49,1.0,Gaussian,True,0.0
0,0.0,Laplace,MLP,-2.474589109624503e-06
1,0.02040816326530612,Laplace,MLP,0.04490550979971886
2,0.04081632653061224,Laplace,MLP,0.14307841658592224
3,0.061224489795918366,Laplace,MLP,0.12760399281978607
4,0.08163265306122448,Laplace,MLP,0.1745048314332962
5,0.1020408163265306,Laplace,MLP,0.2003823071718216
6,0.12244897959183673,Laplace,MLP,0.2282227873802185
7,0.14285714285714285,Laplace,MLP,0.2436639815568924
8,0.16326530612244897,Laplace,MLP,0.2459365427494049
9,0.18367346938775508,Laplace,MLP,0.26322251558303833
10,0.2040816326530612,Laplace,MLP,0.35231664776802063
11,0.22448979591836732,Laplace,MLP,0.3457493484020233
12,0.24489795918367346,Laplace,MLP,0.3878045678138733
13,0.26530612244897955,Laplace,MLP,0.4601965844631195
14,0.2857142857142857,Laplace,MLP,0.43473249673843384
15,0.3061224489795918,Laplace,MLP,0.4815833270549774
16,0.32653061224489793,Laplace,MLP,0.5087326169013977
17,0.3469387755102041,Laplace,MLP,0.5101791620254517
18,0.36734693877551017,Laplace,MLP,0.49374473094940186
19,0.3877551020408163,Laplace,MLP,0.5922766923904419
20,0.4081632653061224,Laplace,MLP,0.5369210839271545
21,0.42857142857142855,Laplace,MLP,0.5823291540145874
22,0.44897959183673464,Laplace,MLP,0.5439020395278931
23,0.4693877551020408,Laplace,MLP,0.5096831917762756
24,0.4897959183673469,Laplace,MLP,0.580778181552887
25,0.5102040816326531,Laplace,MLP,0.5872634053230286
26,0.5306122448979591,Laplace,MLP,0.5219190716743469
27,0.5510204081632653,Laplace,MLP,0.5600935220718384
28,0.5714285714285714,Laplace,MLP,0.5198341012001038
29,0.5918367346938775,Laplace,MLP,0.5824287533760071
30,0.6122448979591836,Laplace,MLP,0.46637722849845886
31,0.6326530612244897,Laplace,MLP,0.43457290530204773
32,0.6530612244897959,Laplace,MLP,0.4502459764480591
33,0.673469387755102,Laplace,MLP,0.4265424907207489
34,0.6938775510204082,Laplace,MLP,0.4479093551635742
35,0.7142857142857142,Laplace,MLP,0.41399550437927246
36,0.7346938775510203,Laplace,MLP,0.36790016293525696
37,0.7551020408163265,Laplace,MLP,0.3521641492843628
38,0.7755102040816326,Laplace,MLP,0.31665241718292236
39,0.7959183673469387,Laplace,MLP,0.2788211405277252
40,0.8163265306122448,Laplace,MLP,0.21901585161685944
41,0.836734693877551,Laplace,MLP,0.18602928519248962
42,0.8571428571428571,Laplace,MLP,0.15128177404403687
43,0.8775510204081632,Laplace,MLP,0.11045294255018234
44,0.8979591836734693,Laplace,MLP,0.09544583410024643
45,0.9183673469387754,Laplace,MLP,0.07527882605791092
46,0.9387755102040816,Laplace,MLP,0.06819164752960205
47,0.9591836734693877,Laplace,MLP,0.05573313683271408
48,0.9795918367346939,Laplace,MLP,0.04495583474636078
49,1.0,Laplace,MLP,0.049274444580078125
0,0.0,Laplace,CNN,-0.000789731799159199
1,0.02040816326530612,Laplace,CNN,0.024965591728687286
2,0.04081632653061224,Laplace,CNN,0.11507650464773178
3,0.061224489795918366,Laplace,CNN,0.12491824477910995
4,0.08163265306122448,Laplace,CNN,0.18102659285068512
5,0.1020408163265306,Laplace,CNN,0.1619478315114975
6,0.12244897959183673,Laplace,CNN,0.19950270652770996
7,0.14285714285714285,Laplace,CNN,0.23901508748531342
8,0.16326530612244897,Laplace,CNN,0.21558809280395508
9,0.18367346938775508,Laplace,CNN,0.22917956113815308
10,0.2040816326530612,Laplace,CNN,0.31882309913635254
11,0.22448979591836732,Laplace,CNN,0.34491872787475586
12,0.24489795918367346,Laplace,CNN,0.37491723895072937
13,0.26530612244897955,Laplace,CNN,0.4248426556587219
14,0.2857142857142857,Laplace,CNN,0.41833463311195374
15,0.3061224489795918,Laplace,CNN,0.4540935754776001
16,0.32653061224489793,Laplace,CNN,0.4706534147262573
17,0.3469387755102041,Laplace,CNN,0.4971500039100647
18,0.36734693877551017,Laplace,CNN,0.4567790627479553
19,0.3877551020408163,Laplace,CNN,0.5568674206733704
20,0.4081632653061224,Laplace,CNN,0.5424559116363525
21,0.42857142857142855,Laplace,CNN,0.5938451886177063
22,0.44897959183673464,Laplace,CNN,0.534088671207428
23,0.4693877551020408,Laplace,CNN,0.5080421566963196
24,0.4897959183673469,Laplace,CNN,0.5728908777236938
25,0.5102040816326531,Laplace,CNN,0.5713834762573242
26,0.5306122448979591,Laplace,CNN,0.5342697501182556
27,0.5510204081632653,Laplace,CNN,0.5682085156440735
28,0.5714285714285714,Laplace,CNN,0.5079797506332397
29,0.5918367346938775,Laplace,CNN,0.5811073184013367
30,0.6122448979591836,Laplace,CNN,0.47839653491973877
31,0.6326530612244897,Laplace,CNN,0.4379064440727234
32,0.6530612244897959,Laplace,CNN,0.4587914049625397
33,0.673469387755102,Laplace,CNN,0.4295223355293274
34,0.6938775510204082,Laplace,CNN,0.47107312083244324
35,0.7142857142857142,Laplace,CNN,0.42417797446250916
36,0.7346938775510203,Laplace,CNN,0.3838126063346863
37,0.7551020408163265,Laplace,CNN,0.3698805570602417
38,0.7755102040816326,Laplace,CNN,0.34146153926849365
39,0.7959183673469387,Laplace,CNN,0.2961036264896393
40,0.8163265306122448,Laplace,CNN,0.22556327283382416
41,0.836734693877551,Laplace,CNN,0.2503248155117035
42,0.8571428571428571,Laplace,CNN,0.17505930364131927
43,0.8775510204081632,Laplace,CNN,0.1444046050310135
44,0.8979591836734693,Laplace,CNN,0.11425391584634781
45,0.9183673469387754,Laplace,CNN,0.08432871848344803
46,0.9387755102040816,Laplace,CNN,0.06489674746990204
47,0.9591836734693877,Laplace,CNN,0.03590438514947891
48,0.9795918367346939,Laplace,CNN,0.026454083621501923
49,1.0,Laplace,CNN,0.030261728912591934
0,0.0,Laplace,DeepONet_MLP_Fourier,0.04443996772170067
1,0.02040816326530612,Laplace,DeepONet_MLP_Fourier,0.044572748243808746
2,0.04081632653061224,Laplace,DeepONet_MLP_Fourier,0.09032423794269562
3,0.061224489795918366,Laplace,DeepONet_MLP_Fourier,0.14443671703338623
4,0.08163265306122448,Laplace,DeepONet_MLP_Fourier,0.15631863474845886
5,0.1020408163265306,Laplace,DeepONet_MLP_Fourier,0.16520808637142181
6,0.12244897959183673,Laplace,DeepONet_MLP_Fourier,0.21450047194957733
7,0.14285714285714285,Laplace,DeepONet_MLP_Fourier,0.23428435623645782
8,0.16326530612244897,Laplace,DeepONet_MLP_Fourier,0.2213667333126068
9,0.18367346938775508,Laplace,DeepONet_MLP_Fourier,0.2628142833709717
10,0.2040816326530612,Laplace,DeepONet_MLP_Fourier,0.3138653337955475
11,0.22448979591836732,Laplace,DeepONet_MLP_Fourier,0.3636402487754822
12,0.24489795918367346,Laplace,DeepONet_MLP_Fourier,0.350736528635025
13,0.26530612244897955,Laplace,DeepONet_MLP_Fourier,0.4065327048301697
14,0.2857142857142857,Laplace,DeepONet_MLP_Fourier,0.41742751002311707
15,0.3061224489795918,Laplace,DeepONet_MLP_Fourier,0.45297056436538696
16,0.32653061224489793,Laplace,DeepONet_MLP_Fourier,0.46421337127685547
17,0.3469387755102041,Laplace,DeepONet_MLP_Fourier,0.48321279883384705
18,0.36734693877551017,Laplace,DeepONet_MLP_Fourier,0.45910701155662537
19,0.3877551020408163,Laplace,DeepONet_MLP_Fourier,0.5382876992225647
20,0.4081632653061224,Laplace,DeepONet_MLP_Fourier,0.5111862421035767
21,0.42857142857142855,Laplace,DeepONet_MLP_Fourier,0.5585976243019104
22,0.44897959183673464,Laplace,DeepONet_MLP_Fourier,0.5357129573822021
23,0.4693877551020408,Laplace,DeepONet_MLP_Fourier,0.5006108283996582
24,0.4897959183673469,Laplace,DeepONet_MLP_Fourier,0.5828294157981873
25,0.5102040816326531,Laplace,DeepONet_MLP_Fourier,0.5589473247528076
26,0.5306122448979591,Laplace,DeepONet_MLP_Fourier,0.5421679615974426
27,0.5510204081632653,Laplace,DeepONet_MLP_Fourier,0.5493537783622742
28,0.5714285714285714,Laplace,DeepONet_MLP_Fourier,0.5228959321975708
29,0.5918367346938775,Laplace,DeepONet_MLP_Fourier,0.578524649143219
30,0.6122448979591836,Laplace,DeepONet_MLP_Fourier,0.5083566308021545
31,0.6326530612244897,Laplace,DeepONet_MLP_Fourier,0.4480365216732025
32,0.6530612244897959,Laplace,DeepONet_MLP_Fourier,0.452075719833374
33,0.673469387755102,Laplace,DeepONet_MLP_Fourier,0.43929019570350647
34,0.6938775510204082,Laplace,DeepONet_MLP_Fourier,0.4881347715854645
35,0.7142857142857142,Laplace,DeepONet_MLP_Fourier,0.4596403241157532
36,0.7346938775510203,Laplace,DeepONet_MLP_Fourier,0.38075175881385803
37,0.7551020408163265,Laplace,DeepONet_MLP_Fourier,0.40289127826690674
38,0.7755102040816326,Laplace,DeepONet_MLP_Fourier,0.36981502175331116
39,0.7959183673469387,Laplace,DeepONet_MLP_Fourier,0.2873073220252991
40,0.8163265306122448,Laplace,DeepONet_MLP_Fourier,0.21506470441818237
41,0.836734693877551,Laplace,DeepONet_MLP_Fourier,0.20888343453407288
42,0.8571428571428571,Laplace,DeepONet_MLP_Fourier,0.15326236188411713
43,0.8775510204081632,Laplace,DeepONet_MLP_Fourier,0.11736512184143066
44,0.8979591836734693,Laplace,DeepONet_MLP_Fourier,0.12628580629825592
45,0.9183673469387754,Laplace,DeepONet_MLP_Fourier,0.06874588131904602
46,0.9387755102040816,Laplace,DeepONet_MLP_Fourier,0.07171088457107544
47,0.9591836734693877,Laplace,DeepONet_MLP_Fourier,0.035449784249067307
48,0.9795918367346939,Laplace,DeepONet_MLP_Fourier,0.012126936577260494
49,1.0,Laplace,DeepONet_MLP_Fourier,0.03646889701485634
0,0.0,Laplace,MAP,0.014338707988437735
1,0.02040816326530612,Laplace,MAP,0.04269619898792966
2,0.04081632653061224,Laplace,MAP,0.08061381457123523
3,0.061224489795918366,Laplace,MAP,0.1201700098248344
4,0.08163265306122448,Laplace,MAP,0.159263763549371
5,0.1020408163265306,Laplace,MAP,0.19754839242568578
6,0.12244897959183673,Laplace,MAP,0.23482621347647378
7,0.14285714285714285,Laplace,MAP,0.27090968465918325
8,0.16326530612244897,Laplace,MAP,0.3056186902243622
9,0.18367346938775508,Laplace,MAP,0.3387815949352389
10,0.2040816326530612,Laplace,MAP,0.3702362715503362
11,0.22448979591836732,Laplace,MAP,0.3998310581254176
12,0.24489795918367346,Laplace,MAP,0.42742563820747453
13,0.26530612244897955,Laplace,MAP,0.4528918377661765
14,0.2857142857142857,Laplace,MAP,0.476114333411887
15,0.3061224489795918,Laplace,MAP,0.4969912671946495
16,0.32653061224489793,Laplace,MAP,0.5154347640589977
17,0.3469387755102041,Laplace,MAP,0.5313713488379341
18,0.36734693877551017,Laplace,MAP,0.5447422604977085
19,0.3877551020408163,Laplace,MAP,0.5555036621848758
20,0.4081632653061224,Laplace,MAP,0.5636267464719855
21,0.42857142857142855,Laplace,MAP,0.5690977360393144
22,0.44897959183673464,Laplace,MAP,0.5719177808600623
23,0.4693877551020408,Laplace,MAP,0.5721027537675395
24,0.4897959183673469,Laplace,MAP,0.5696829470682448
25,0.5102040816326531,Laplace,MAP,0.5647026736175907
26,0.5306122448979591,Laplace,MAP,0.5572197764884255
27,0.5510204081632653,Laplace,MAP,0.5473050520309645
28,0.5714285714285714,Laplace,MAP,0.5350415917407698
29,0.5918367346938775,Laplace,MAP,0.5205240489135481
30,0.6122448979591836,Laplace,MAP,0.5038578365687044
31,0.6326530612244897,Laplace,MAP,0.4851582635637108
32,0.6530612244897959,Laplace,MAP,0.4645496161944977
33,0.673469387755102,Laplace,MAP,0.4421641928822903
34,0.6938775510204082,Laplace,MAP,0.41814129978343745
35,0.7142857142857142,Laplace,MAP,0.39262621532421377
36,0.7346938775510203,Laplace,MAP,0.3657691317566268
37,0.7551020408163265,Laplace,MAP,0.33772408185586195
38,0.7755102040816326,Laplace,MAP,0.30864785883607215
39,0.7959183673469387,Laplace,MAP,0.27869893745030744
40,0.8163265306122448,Laplace,MAP,0.2480364040650053
41,0.836734693877551,Laplace,MAP,0.21681890326354714
42,0.8571428571428571,Laplace,MAP,0.18520360823871976
43,0.8775510204081632,Laplace,MAP,0.1533452218865559
44,0.8979591836734693,Laplace,MAP,0.12139501530807136
45,0.9183673469387754,Laplace,MAP,0.08949996744934569
46,0.9387755102040816,Laplace,MAP,0.05780805075242905
47,0.9591836734693877,Laplace,MAP,0.02668849655033449
48,0.9795918367346939,Laplace,MAP,-0.0008172478259025882
49,1.0,Laplace,MAP,-0.013892857399121512
0,0.0,Laplace,Sample_Mean,-0.001917517576188753
1,0.02040816326530612,Laplace,Sample_Mean,-0.0026971887135832295
2,0.04081632653061224,Laplace,Sample_Mean,0.0003365295907185012
3,0.061224489795918366,Laplace,Sample_Mean,0.002620250091102976
4,0.08163265306122448,Laplace,Sample_Mean,0.00410779282466163
5,0.1020408163265306,Laplace,Sample_Mean,0.00123179165418795
6,0.12244897959183673,Laplace,Sample_Mean,0.004902895060327383
7,0.14285714285714285,Laplace,Sample_Mean,0.0010421106540843296
8,0.16326530612244897,Laplace,Sample_Mean,-0.0028477211606585786
9,0.18367346938775508,Laplace,Sample_Mean,0.004240445671312487
10,0.2040816326530612,Laplace,Sample_Mean,0.006429131555830585
11,0.22448979591836732,Laplace,Sample_Mean,0.0032503872762206522
12,0.24489795918367346,Laplace,Sample_Mean,-0.0038326473564964663
13,0.26530612244897955,Laplace,Sample_Mean,0.00481329057055883
14,0.2857142857142857,Laplace,Sample_Mean,-0.007316421805114469
15,0.3061224489795918,Laplace,Sample_Mean,-0.0007590577367892032
16,0.32653061224489793,Laplace,Sample_Mean,-0.002204275428000177
17,0.3469387755102041,Laplace,Sample_Mean,0.0011996409603475206
18,0.36734693877551017,Laplace,Sample_Mean,-0.002638313149704202
19,0.3877551020408163,Laplace,Sample_Mean,0.0014509961044009139
20,0.4081632653061224,Laplace,Sample_Mean,0.0026693051561270395
21,0.42857142857142855,Laplace,Sample_Mean,-0.0008115016308896634
22,0.44897959183673464,Laplace,Sample_Mean,9.23012191753036e-05
23,0.4693877551020408,Laplace,Sample_Mean,0.0008030239623082877
24,0.4897959183673469,Laplace,Sample_Mean,0.003375409555270975
25,0.5102040816326531,Laplace,Sample_Mean,-0.0010381176852069347
26,0.5306122448979591,Laplace,Sample_Mean,0.0017555362316558183
27,0.5510204081632653,Laplace,Sample_Mean,-0.0036873397767978057
28,0.5714285714285714,Laplace,Sample_Mean,-0.0007685691771022813
29,0.5918367346938775,Laplace,Sample_Mean,0.001395509929060498
30,0.6122448979591836,Laplace,Sample_Mean,0.0006157383470316676
31,0.6326530612244897,Laplace,Sample_Mean,-0.00048120103637301756
32,0.6530612244897959,Laplace,Sample_Mean,0.0047954174931753015
33,0.673469387755102,Laplace,Sample_Mean,-0.0006732940887686148
34,0.6938775510204082,Laplace,Sample_Mean,0.007577354514321272
35,0.7142857142857142,Laplace,Sample_Mean,-0.0010863664975735543
36,0.7346938775510203,Laplace,Sample_Mean,0.0033884610575599557
37,0.7551020408163265,Laplace,Sample_Mean,-0.0010720579863989148
38,0.7755102040816326,Laplace,Sample_Mean,-0.0026005773003443702
39,0.7959183673469387,Laplace,Sample_Mean,0.0011689001169936219
40,0.8163265306122448,Laplace,Sample_Mean,0.0037779761176671674
41,0.836734693877551,Laplace,Sample_Mean,0.001201352275104489
42,0.8571428571428571,Laplace,Sample_Mean,0.002334738878991635
43,0.8775510204081632,Laplace,Sample_Mean,-0.00352255205110579
44,0.8979591836734693,Laplace,Sample_Mean,0.0019292904380832884
45,0.9183673469387754,Laplace,Sample_Mean,-0.0014996598067814758
46,0.9387755102040816,Laplace,Sample_Mean,0.0033342544204962503
47,0.9591836734693877,Laplace,Sample_Mean,0.0033272265355950553
48,0.9795918367346939,Laplace,Sample_Mean,-0.0023469727596350395
49,1.0,Laplace,Sample_Mean,0.002837443690335646
0,0.0,Laplace,True,0.0
1,0.02040816326530612,Laplace,True,0.0
2,0.04081632653061224,Laplace,True,0.0
3,0.061224489795918366,Laplace,True,0.0
4,0.08163265306122448,Laplace,True,0.0
5,0.1020408163265306,Laplace,True,0.0
6,0.12244897959183673,Laplace,True,0.0
7,0.14285714285714285,Laplace,True,0.0
8,0.16326530612244897,Laplace,True,0.0
9,0.18367346938775508,Laplace,True,0.0
10,0.2040816326530612,Laplace,True,0.0
11,0.22448979591836732,Laplace,True,0.0
12,0.24489795918367346,Laplace,True,0.0
13,0.26530612244897955,Laplace,True,0.0
14,0.2857142857142857,Laplace,True,0.0
15,0.3061224489795918,Laplace,True,0.0
16,0.32653061224489793,Laplace,True,0.0
17,0.3469387755102041,Laplace,True,1.0
18,0.36734693877551017,Laplace,True,1.0
19,0.3877551020408163,Laplace,True,1.0
20,0.4081632653061224,Laplace,True,1.0
21,0.42857142857142855,Laplace,True,1.0
22,0.44897959183673464,Laplace,True,1.0
23,0.4693877551020408,Laplace,True,1.0
24,0.4897959183673469,Laplace,True,1.0
25,0.5102040816326531,Laplace,True,1.0
26,0.5306122448979591,Laplace,True,1.0
27,0.5510204081632653,Laplace,True,1.0
28,0.5714285714285714,Laplace,True,1.0
29,0.5918367346938775,Laplace,True,1.0
30,0.6122448979591836,Laplace,True,1.0
31,0.6326530612244897,Laplace,True,1.0
32,0.6530612244897959,Laplace,True,1.0
33,0.673469387755102,Laplace,True,0.0
34,0.6938775510204082,Laplace,True,0.0
35,0.7142857142857142,Laplace,True,0.0
36,0.7346938775510203,Laplace,True,0.0
37,0.7551020408163265,Laplace,True,0.0
38,0.7755102040816326,Laplace,True,0.0
39,0.7959183673469387,Laplace,True,0.0
40,0.8163265306122448,Laplace,True,0.0
41,0.836734693877551,Laplace,True,0.0
42,0.8571428571428571,Laplace,True,0.0
43,0.8775510204081632,Laplace,True,0.0
44,0.8979591836734693,Laplace,True,0.0
45,0.9183673469387754,Laplace,True,0.0
46,0.9387755102040816,Laplace,True,0.0
47,0.9591836734693877,Laplace,True,0.0
48,0.9795918367346939,Laplace,True,0.0
49,1.0,Laplace,True,0.0
0,0.0,TV,MLP,0.004983156453818083
1,0.02040816326530612,TV,MLP,0.004666503518819809
2,0.04081632653061224,TV,MLP,0.0039144777692854404
3,0.061224489795918366,TV,MLP,0.003919194918125868
4,0.08163265306122448,TV,MLP,0.0034058266319334507
5,0.1020408163265306,TV,MLP,0.0037927136290818453
6,0.12244897959183673,TV,MLP,0.002303235698491335
7,0.14285714285714285,TV,MLP,0.0026496541686356068
8,0.16326530612244897,TV,MLP,0.003304295940324664
9,0.18367346938775508,TV,MLP,0.0036450240295380354
10,0.2040816326530612,TV,MLP,0.0033970410004258156
11,0.22448979591836732,TV,MLP,0.004223682917654514
12,0.24489795918367346,TV,MLP,0.00581598374992609
13,0.26530612244897955,TV,MLP,0.01222995389252901
14,0.2857142857142857,TV,MLP,0.03190157935023308
15,0.3061224489795918,TV,MLP,0.08270858973264694
16,0.32653061224489793,TV,MLP,0.19452321529388428
17,0.3469387755102041,TV,MLP,0.37577489018440247
18,0.36734693877551017,TV,MLP,0.5679905414581299
19,0.3877551020408163,TV,MLP,0.7173589468002319
20,0.4081632653061224,TV,MLP,0.836021363735199
21,0.42857142857142855,TV,MLP,0.9121231436729431
22,0.44897959183673464,TV,MLP,0.9905532002449036
23,0.4693877551020408,TV,MLP,1.0663601160049438
24,0.4897959183673469,TV,MLP,1.1223015785217285
25,0.5102040816326531,TV,MLP,1.1652544736862183
26,0.5306122448979591,TV,MLP,1.1877011060714722
27,0.5510204081632653,TV,MLP,1.1814433336257935
28,0.5714285714285714,TV,MLP,1.1755632162094116
29,0.5918367346938775,TV,MLP,1.138550043106079
30,0.6122448979591836,TV,MLP,1.102408528327942
31,0.6326530612244897,TV,MLP,1.0516042709350586
32,0.6530612244897959,TV,MLP,0.9855379462242126
33,0.673469387755102,TV,MLP,0.9303896427154541
34,0.6938775510204082,TV,MLP,0.8552978038787842
35,0.7142857142857142,TV,MLP,0.7955491542816162
36,0.7346938775510203,TV,MLP,0.7124360799789429
37,0.7551020408163265,TV,MLP,0.5940215587615967
38,0.7755102040816326,TV,MLP,0.41629788279533386
39,0.7959183673469387,TV,MLP,0.27647504210472107
40,0.8163265306122448,TV,MLP,0.15589803457260132
41,0.836734693877551,TV,MLP,0.07581181824207306
42,0.8571428571428571,TV,MLP,0.03378228843212128
43,0.8775510204081632,TV,MLP,0.018060853704810143
44,0.8979591836734693,TV,MLP,0.005883013363927603
45,0.9183673469387754,TV,MLP,0.0008114227675832808
46,0.9387755102040816,TV,MLP,-0.0015417891554534435
47,0.9591836734693877,TV,MLP,-0.004201538860797882
48,0.9795918367346939,TV,MLP,-0.005207187030464411
49,1.0,TV,MLP,-0.0050980825908482075
0,0.0,TV,CNN,0.00498273316770792
1,0.02040816326530612,TV,CNN,0.004666076507419348
2,0.04081632653061224,TV,CNN,0.00391390873119235
3,0.061224489795918366,TV,CNN,0.003918575122952461
4,0.08163265306122448,TV,CNN,0.0034050168469548225
5,0.1020408163265306,TV,CNN,0.0037915813736617565
6,0.12244897959183673,TV,CNN,0.002301516244187951
7,0.14285714285714285,TV,CNN,0.0026448650751262903
8,0.16326530612244897,TV,CNN,0.0032924851402640343
9,0.18367346938775508,TV,CNN,0.003602757817134261
10,0.2040816326530612,TV,CNN,0.0032544652931392193
11,0.22448979591836732,TV,CNN,0.0036422191187739372
12,0.24489795918367346,TV,CNN,0.0033328612335026264
13,0.26530612244897955,TV,CNN,0.003779805265367031
14,0.2857142857142857,TV,CNN,0.010374659672379494
15,0.3061224489795918,TV,CNN,0.0678555890917778
16,0.32653061224489793,TV,CNN,0.23726880550384521
17,0.3469387755102041,TV,CNN,0.4385859966278076
18,0.36734693877551017,TV,CNN,0.5873610377311707
19,0.3877551020408163,TV,CNN,0.7165828347206116
20,0.4081632653061224,TV,CNN,0.8237670063972473
21,0.42857142857142855,TV,CNN,0.9073845148086548
22,0.44897959183673464,TV,CNN,0.9867626428604126
23,0.4693877551020408,TV,CNN,1.0543420314788818
24,0.4897959183673469,TV,CNN,1.1055729389190674
25,0.5102040816326531,TV,CNN,1.143495798110962
26,0.5306122448979591,TV,CNN,1.157258152961731
27,0.5510204081632653,TV,CNN,1.1466692686080933
28,0.5714285714285714,TV,CNN,1.1432781219482422
29,0.5918367346938775,TV,CNN,1.1125056743621826
30,0.6122448979591836,TV,CNN,1.0689945220947266
31,0.6326530612244897,TV,CNN,1.0158478021621704
32,0.6530612244897959,TV,CNN,0.9536735415458679
33,0.673469387755102,TV,CNN,0.8785533905029297
34,0.6938775510204082,TV,CNN,0.7879723906517029
35,0.7142857142857142,TV,CNN,0.7108103036880493
36,0.7346938775510203,TV,CNN,0.6231446266174316
37,0.7551020408163265,TV,CNN,0.5081501007080078
38,0.7755102040816326,TV,CNN,0.3623952567577362
39,0.7959183673469387,TV,CNN,0.24613766372203827
40,0.8163265306122448,TV,CNN,0.13695642352104187
41,0.836734693877551,TV,CNN,0.062458425760269165
42,0.8571428571428571,TV,CNN,0.02111266553401947
43,0.8775510204081632,TV,CNN,0.006218562833964825
44,0.8979591836734693,TV,CNN,-0.0014438566286116838
45,0.9183673469387754,TV,CNN,-0.004587824456393719
46,0.9387755102040816,TV,CNN,-0.005934208631515503
47,0.9591836734693877,TV,CNN,-0.007755757309496403
48,0.9795918367346939,TV,CNN,-0.008331787772476673
49,1.0,TV,CNN,-0.00814959779381752
0,0.0,TV,DeepONet_MLP_Fourier,0.005848311353474855
1,0.02040816326530612,TV,DeepONet_MLP_Fourier,0.004675399512052536
2,0.04081632653061224,TV,DeepONet_MLP_Fourier,0.004010667093098164
3,0.061224489795918366,TV,DeepONet_MLP_Fourier,0.004527621436864138
4,0.08163265306122448,TV,DeepONet_MLP_Fourier,0.0036202785558998585
5,0.1020408163265306,TV,DeepONet_MLP_Fourier,0.003891387488692999
6,0.12244897959183673,TV,DeepONet_MLP_Fourier,0.002529511693865061
7,0.14285714285714285,TV,DeepONet_MLP_Fourier,0.002989125205203891
8,0.16326530612244897,TV,DeepONet_MLP_Fourier,0.003745367983356118
9,0.18367346938775508,TV,DeepONet_MLP_Fourier,0.004567042924463749
10,0.2040816326530612,TV,DeepONet_MLP_Fourier,0.005932442843914032
11,0.22448979591836732,TV,DeepONet_MLP_Fourier,0.006836630869656801
12,0.24489795918367346,TV,DeepONet_MLP_Fourier,0.012698972597718239
13,0.26530612244897955,TV,DeepONet_MLP_Fourier,0.004998714197427034
14,0.2857142857142857,TV,DeepONet_MLP_Fourier,0.024160027503967285
15,0.3061224489795918,TV,DeepONet_MLP_Fourier,0.06259694695472717
16,0.32653061224489793,TV,DeepONet_MLP_Fourier,0.24531085789203644
17,0.3469387755102041,TV,DeepONet_MLP_Fourier,0.3554762899875641
18,0.36734693877551017,TV,DeepONet_MLP_Fourier,0.5684187412261963
19,0.3877551020408163,TV,DeepONet_MLP_Fourier,0.6981692314147949
20,0.4081632653061224,TV,DeepONet_MLP_Fourier,0.8100000619888306
21,0.42857142857142855,TV,DeepONet_MLP_Fourier,0.8966059684753418
22,0.44897959183673464,TV,DeepONet_MLP_Fourier,0.9751327037811279
23,0.4693877551020408,TV,DeepONet_MLP_Fourier,1.0413081645965576
24,0.4897959183673469,TV,DeepONet_MLP_Fourier,1.1155811548233032
25,0.5102040816326531,TV,DeepONet_MLP_Fourier,1.1525036096572876
26,0.5306122448979591,TV,DeepONet_MLP_Fourier,1.1950260400772095
27,0.5510204081632653,TV,DeepONet_MLP_Fourier,1.186637043952942
28,0.5714285714285714,TV,DeepONet_MLP_Fourier,1.2086553573608398
29,0.5918367346938775,TV,DeepONet_MLP_Fourier,1.1551165580749512
30,0.6122448979591836,TV,DeepONet_MLP_Fourier,1.1451600790023804
31,0.6326530612244897,TV,DeepONet_MLP_Fourier,1.0848205089569092
32,0.6530612244897959,TV,DeepONet_MLP_Fourier,1.0270925760269165
33,0.673469387755102,TV,DeepONet_MLP_Fourier,0.9890217781066895
34,0.6938775510204082,TV,DeepONet_MLP_Fourier,0.8723720908164978
35,0.7142857142857142,TV,DeepONet_MLP_Fourier,0.8169615864753723
36,0.7346938775510203,TV,DeepONet_MLP_Fourier,0.7109929919242859
37,0.7551020408163265,TV,DeepONet_MLP_Fourier,0.5913890600204468
38,0.7755102040816326,TV,DeepONet_MLP_Fourier,0.3710102438926697
39,0.7959183673469387,TV,DeepONet_MLP_Fourier,0.3276800215244293
40,0.8163265306122448,TV,DeepONet_MLP_Fourier,0.2051602602005005
41,0.836734693877551,TV,DeepONet_MLP_Fourier,0.09106308221817017
42,0.8571428571428571,TV,DeepONet_MLP_Fourier,0.047700002789497375
43,0.8775510204081632,TV,DeepONet_MLP_Fourier,0.042008839547634125
44,0.8979591836734693,TV,DeepONet_MLP_Fourier,0.020441552624106407
45,0.9183673469387754,TV,DeepONet_MLP_Fourier,0.017877964302897453
46,0.9387755102040816,TV,DeepONet_MLP_Fourier,0.01079506240785122
47,0.9591836734693877,TV,DeepONet_MLP_Fourier,0.012539477087557316
48,0.9795918367346939,TV,DeepONet_MLP_Fourier,0.003713660640642047
49,1.0,TV,DeepONet_MLP_Fourier,-0.003911897074431181
0,0.0,TV,MAP,0.014338707988437735
1,0.02040816326530612,TV,MAP,0.04269619898792966
2,0.04081632653061224,TV,MAP,0.08061381457123523
3,0.061224489795918366,TV,MAP,0.1201700098248344
4,0.08163265306122448,TV,MAP,0.159263763549371
5,0.1020408163265306,TV,MAP,0.19754839242568578
6,0.12244897959183673,TV,MAP,0.23482621347647378
7,0.14285714285714285,TV,MAP,0.27090968465918325
8,0.16326530612244897,TV,MAP,0.3056186902243622
9,0.18367346938775508,TV,MAP,0.3387815949352389
10,0.2040816326530612,TV,MAP,0.3702362715503362
11,0.22448979591836732,TV,MAP,0.3998310581254176
12,0.24489795918367346,TV,MAP,0.42742563820747453
13,0.26530612244897955,TV,MAP,0.4528918377661765
14,0.2857142857142857,TV,MAP,0.476114333411887
15,0.3061224489795918,TV,MAP,0.4969912671946495
16,0.32653061224489793,TV,MAP,0.5154347640589977
17,0.3469387755102041,TV,MAP,0.5313713488379341
18,0.36734693877551017,TV,MAP,0.5447422604977085
19,0.3877551020408163,TV,MAP,0.5555036621848758
20,0.4081632653061224,TV,MAP,0.5636267464719855
21,0.42857142857142855,TV,MAP,0.5690977360393144
22,0.44897959183673464,TV,MAP,0.5719177808600623
23,0.4693877551020408,TV,MAP,0.5721027537675395
24,0.4897959183673469,TV,MAP,0.5696829470682448
25,0.5102040816326531,TV,MAP,0.5647026736175907
26,0.5306122448979591,TV,MAP,0.5572197764884255
27,0.5510204081632653,TV,MAP,0.5473050520309645
28,0.5714285714285714,TV,MAP,0.5350415917407698
29,0.5918367346938775,TV,MAP,0.5205240489135481
30,0.6122448979591836,TV,MAP,0.5038578365687044
31,0.6326530612244897,TV,MAP,0.4851582635637108
32,0.6530612244897959,TV,MAP,0.4645496161944977
33,0.673469387755102,TV,MAP,0.4421641928822903
34,0.6938775510204082,TV,MAP,0.41814129978343745
35,0.7142857142857142,TV,MAP,0.39262621532421377
36,0.7346938775510203,TV,MAP,0.3657691317566268
37,0.7551020408163265,TV,MAP,0.33772408185586195
38,0.7755102040816326,TV,MAP,0.30864785883607215
39,0.7959183673469387,TV,MAP,0.27869893745030744
40,0.8163265306122448,TV,MAP,0.2480364040650053
41,0.836734693877551,TV,MAP,0.21681890326354714
42,0.8571428571428571,TV,MAP,0.18520360823871976
43,0.8775510204081632,TV,MAP,0.1533452218865559
44,0.8979591836734693,TV,MAP,0.12139501530807136
45,0.9183673469387754,TV,MAP,0.08949996744934569
46,0.9387755102040816,TV,MAP,0.05780805075242905
47,0.9591836734693877,TV,MAP,0.02668849655033449
48,0.9795918367346939,TV,MAP,-0.0008172478259025882
49,1.0,TV,MAP,-0.013892857399121512
0,0.0,TV,Sample_Mean,0.00498273139980219
1,0.02040816326530612,TV,Sample_Mean,0.004666074454289739
2,0.04081632653061224,TV,Sample_Mean,0.0039139071840386995
3,0.061224489795918366,TV,Sample_Mean,0.00391857360628242
4,0.08163265306122448,TV,Sample_Mean,0.003405015243316465
5,0.1020408163265306,TV,Sample_Mean,0.00379157824534843
6,0.12244897959183673,TV,Sample_Mean,0.002301510351059976
7,0.14285714285714285,TV,Sample_Mean,0.0026448459986804017
8,0.16326530612244897,TV,Sample_Mean,0.00329238955092797
9,0.18367346938775508,TV,Sample_Mean,0.0036024462967148988
10,0.2040816326530612,TV,Sample_Mean,0.0032529844928349478
11,0.22448979591836732,TV,Sample_Mean,0.0036382752889624857
12,0.24489795918367346,TV,Sample_Mean,0.0033056901935491446
13,0.26530612244897955,TV,Sample_Mean,0.0035017986986966183
14,0.2857142857142857,TV,Sample_Mean,0.003987552846280839
15,0.3061224489795918,TV,Sample_Mean,0.0026345044302748823
16,0.32653061224489793,TV,Sample_Mean,0.0015060227688570202
17,0.3469387755102041,TV,Sample_Mean,0.0005074928991313294
18,0.36734693877551017,TV,Sample_Mean,0.0011265532873965024
19,0.3877551020408163,TV,Sample_Mean,0.0002354689654412858
20,0.4081632653061224,TV,Sample_Mean,0.00040305355231784224
21,0.42857142857142855,TV,Sample_Mean,0.0003035262728547788
22,0.44897959183673464,TV,Sample_Mean,0.0004261167768904771
23,0.4693877551020408,TV,Sample_Mean,0.004069337291117715
24,0.4897959183673469,TV,Sample_Mean,0.00431745930518578
25,0.5102040816326531,TV,Sample_Mean,0.004438092663148157
26,0.5306122448979591,TV,Sample_Mean,0.0019571561912553256
27,0.5510204081632653,TV,Sample_Mean,0.0008498864714034664
28,0.5714285714285714,TV,Sample_Mean,-0.001651076740476067
29,0.5918367346938775,TV,Sample_Mean,-0.0030150528354632674
30,0.6122448979591836,TV,Sample_Mean,-0.0038111678010621782
31,0.6326530612244897,TV,Sample_Mean,-0.003491656549244998
32,0.6530612244897959,TV,Sample_Mean,-0.003003109301890649
33,0.673469387755102,TV,Sample_Mean,-0.0018594219911769315
34,0.6938775510204082,TV,Sample_Mean,-0.0032589148480306473
35,0.7142857142857142,TV,Sample_Mean,-0.0007965823725625364
36,0.7346938775510203,TV,Sample_Mean,0.0007044384053076874
37,0.7551020408163265,TV,Sample_Mean,0.00039925162324510547
38,0.7755102040816326,TV,Sample_Mean,-0.001533093619778133
39,0.7959183673469387,TV,Sample_Mean,-0.0011414472924822304
40,0.8163265306122448,TV,Sample_Mean,-0.0015821125463405426
41,0.836734693877551,TV,Sample_Mean,-0.0012810516461159156
42,0.8571428571428571,TV,Sample_Mean,-0.0034525786543101095
43,0.8775510204081632,TV,Sample_Mean,-0.0033191201215312157
44,0.8979591836734693,TV,Sample_Mean,-0.005486824833477357
45,0.9183673469387754,TV,Sample_Mean,-0.006492769309644155
46,0.9387755102040816,TV,Sample_Mean,-0.006965320097530104
47,0.9591836734693877,TV,Sample_Mean,-0.008427232027283833
48,0.9795918367346939,TV,Sample_Mean,-0.008869489912339478
49,1.0,TV,Sample_Mean,-0.008645712253872189
0,0.0,TV,True,0.0
1,0.02040816326530612,TV,True,0.0
2,0.04081632653061224,TV,True,0.0
3,0.061224489795918366,TV,True,0.0
4,0.08163265306122448,TV,True,0.0
5,0.1020408163265306,TV,True,0.0
6,0.12244897959183673,TV,True,0.0
7,0.14285714285714285,TV,True,0.0
8,0.16326530612244897,TV,True,0.0
9,0.18367346938775508,TV,True,0.0
10,0.2040816326530612,TV,True,0.0
11,0.22448979591836732,TV,True,0.0
12,0.24489795918367346,TV,True,0.0
13,0.26530612244897955,TV,True,0.0
14,0.2857142857142857,TV,True,0.0
15,0.3061224489795918,TV,True,0.0
16,0.32653061224489793,TV,True,0.0
17,0.3469387755102041,TV,True,1.0
18,0.36734693877551017,TV,True,1.0
19,0.3877551020408163,TV,True,1.0
20,0.4081632653061224,TV,True,1.0
21,0.42857142857142855,TV,True,1.0
22,0.44897959183673464,TV,True,1.0
23,0.4693877551020408,TV,True,1.0
24,0.4897959183673469,TV,True,1.0
25,0.5102040816326531,TV,True,1.0
26,0.5306122448979591,TV,True,1.0
27,0.5510204081632653,TV,True,1.0
28,0.5714285714285714,TV,True,1.0
29,0.5918367346938775,TV,True,1.0
30,0.6122448979591836,TV,True,1.0
31,0.6326530612244897,TV,True,1.0
32,0.6530612244897959,TV,True,1.0
33,0.673469387755102,TV,True,0.0
34,0.6938775510204082,TV,True,0.0
35,0.7142857142857142,TV,True,0.0
36,0.7346938775510203,TV,True,0.0
37,0.7551020408163265,TV,True,0.0
38,0.7755102040816326,TV,True,0.0
39,0.7959183673469387,TV,True,0.0
40,0.8163265306122448,TV,True,0.0
41,0.836734693877551,TV,True,0.0
42,0.8571428571428571,TV,True,0.0
43,0.8775510204081632,TV,True,0.0
44,0.8979591836734693,TV,True,0.0
45,0.9183673469387754,TV,True,0.0
46,0.9387755102040816,TV,True,0.0
47,0.9591836734693877,TV,True,0.0
48,0.9795918367346939,TV,True,0.0
49,1.0,TV,True,0.0
0,0.0,Uniform,MLP,-0.004843184258788824
1,0.02040816326530612,Uniform,MLP,0.06169995665550232
2,0.04081632653061224,Uniform,MLP,0.03992045298218727
3,0.061224489795918366,Uniform,MLP,0.11271683871746063
4,0.08163265306122448,Uniform,MLP,0.15106184780597687
5,0.1020408163265306,Uniform,MLP,0.1485578417778015
6,0.12244897959183673,Uniform,MLP,0.17483003437519073
7,0.14285714285714285,Uniform,MLP,0.27049720287323
8,0.16326530612244897,Uniform,MLP,0.2555646002292633
9,0.18367346938775508,Uniform,MLP,0.26934918761253357
10,0.2040816326530612,Uniform,MLP,0.3487667143344879
11,0.22448979591836732,Uniform,MLP,0.37961968779563904
12,0.24489795918367346,Uniform,MLP,0.3606281876564026
13,0.26530612244897955,Uniform,MLP,0.3989984691143036
14,0.2857142857142857,Uniform,MLP,0.38562047481536865
15,0.3061224489795918,Uniform,MLP,0.5017699599266052
16,0.32653061224489793,Uniform,MLP,0.5025467872619629
17,0.3469387755102041,Uniform,MLP,0.4674278795719147
18,0.36734693877551017,Uniform,MLP,0.47041183710098267
19,0.3877551020408163,Uniform,MLP,0.5479494333267212
20,0.4081632653061224,Uniform,MLP,0.5448840260505676
21,0.42857142857142855,Uniform,MLP,0.5724912285804749
22,0.44897959183673464,Uniform,MLP,0.5482572317123413
23,0.4693877551020408,Uniform,MLP,0.5274896025657654
24,0.4897959183673469,Uniform,MLP,0.5807550549507141
25,0.5102040816326531,Uniform,MLP,0.5239870548248291
26,0.5306122448979591,Uniform,MLP,0.5342254042625427
27,0.5510204081632653,Uniform,MLP,0.5352242588996887
28,0.5714285714285714,Uniform,MLP,0.4980778098106384
29,0.5918367346938775,Uniform,MLP,0.5178915858268738
30,0.6122448979591836,Uniform,MLP,0.49026209115982056
31,0.6326530612244897,Uniform,MLP,0.49816644191741943
32,0.6530612244897959,Uniform,MLP,0.45393258333206177
33,0.673469387755102,Uniform,MLP,0.45992881059646606
34,0.6938775510204082,Uniform,MLP,0.43402254581451416
35,0.7142857142857142,Uniform,MLP,0.4173336625099182
36,0.7346938775510203,Uniform,MLP,0.39206454157829285
37,0.7551020408163265,Uniform,MLP,0.40559178590774536
38,0.7755102040816326,Uniform,MLP,0.3287343978881836
39,0.7959183673469387,Uniform,MLP,0.29168033599853516
40,0.8163265306122448,Uniform,MLP,0.2551669776439667
41,0.836734693877551,Uniform,MLP,0.19690565764904022
42,0.8571428571428571,Uniform,MLP,0.13745169341564178
43,0.8775510204081632,Uniform,MLP,0.09682885557413101
44,0.8979591836734693,Uniform,MLP,0.06587119400501251
45,0.9183673469387754,Uniform,MLP,0.07566085457801819
46,0.9387755102040816,Uniform,MLP,0.046481192111968994
47,0.9591836734693877,Uniform,MLP,0.03541909530758858
48,0.9795918367346939,Uniform,MLP,0.027043960988521576
49,1.0,Uniform,MLP,0.02020386792719364
0,0.0,Uniform,CNN,-0.005265536718070507
1,0.02040816326530612,Uniform,CNN,0.06928408145904541
2,0.04081632653061224,Uniform,CNN,0.035080160945653915
3,0.061224489795918366,Uniform,CNN,0.1140129491686821
4,0.08163265306122448,Uniform,CNN,0.14075838029384613
5,0.1020408163265306,Uniform,CNN,0.15420641005039215
6,0.12244897959183673,Uniform,CNN,0.16963542997837067
7,0.14285714285714285,Uniform,CNN,0.2825523912906647
8,0.16326530612244897,Uniform,CNN,0.22787286341190338
9,0.18367346938775508,Uniform,CNN,0.24332070350646973
10,0.2040816326530612,Uniform,CNN,0.3394556939601898
11,0.22448979591836732,Uniform,CNN,0.36486753821372986
12,0.24489795918367346,Uniform,CNN,0.3297193646430969
13,0.26530612244897955,Uniform,CNN,0.373049795627594
14,0.2857142857142857,Uniform,CNN,0.3742562234401703
15,0.3061224489795918,Uniform,CNN,0.49265962839126587
16,0.32653061224489793,Uniform,CNN,0.47650420665740967
17,0.3469387755102041,Uniform,CNN,0.46813440322875977
18,0.36734693877551017,Uniform,CNN,0.4409845769405365
19,0.3877551020408163,Uniform,CNN,0.5879690051078796
20,0.4081632653061224,Uniform,CNN,0.5258188843727112
21,0.42857142857142855,Uniform,CNN,0.5622130036354065
22,0.44897959183673464,Uniform,CNN,0.500045657157898
23,0.4693877551020408,Uniform,CNN,0.4730058014392853
24,0.4897959183673469,Uniform,CNN,0.5988253355026245
25,0.5102040816326531,Uniform,CNN,0.532512366771698
26,0.5306122448979591,Uniform,CNN,0.5346494913101196
27,0.5510204081632653,Uniform,CNN,0.532473087310791
28,0.5714285714285714,Uniform,CNN,0.5147853493690491
29,0.5918367346938775,Uniform,CNN,0.5283246040344238
30,0.6122448979591836,Uniform,CNN,0.5105058550834656
31,0.6326530612244897,Uniform,CNN,0.5145383477210999
32,0.6530612244897959,Uniform,CNN,0.44690680503845215
33,0.673469387755102,Uniform,CNN,0.43394196033477783
34,0.6938775510204082,Uniform,CNN,0.42398157715797424
35,0.7142857142857142,Uniform,CNN,0.40720370411872864
36,0.7346938775510203,Uniform,CNN,0.40137621760368347
37,0.7551020408163265,Uniform,CNN,0.39105868339538574
38,0.7755102040816326,Uniform,CNN,0.29787272214889526
39,0.7959183673469387,Uniform,CNN,0.30845698714256287
40,0.8163265306122448,Uniform,CNN,0.2751215994358063
41,0.836734693877551,Uniform,CNN,0.21913225948810577
42,0.8571428571428571,Uniform,CNN,0.17718343436717987
43,0.8775510204081632,Uniform,CNN,0.14496882259845734
44,0.8979591836734693,Uniform,CNN,0.1040773093700409
45,0.9183673469387754,Uniform,CNN,0.10077396780252457
46,0.9387755102040816,Uniform,CNN,0.07318802177906036
47,0.9591836734693877,Uniform,CNN,0.03690949082374573
48,0.9795918367346939,Uniform,CNN,0.030841927975416183
49,1.0,Uniform,CNN,0.013511266559362411
0,0.0,Uniform,DeepONet_MLP_Fourier,0.008637445978820324
1,0.02040816326530612,Uniform,DeepONet_MLP_Fourier,0.008244761265814304
2,0.04081632653061224,Uniform,DeepONet_MLP_Fourier,0.07657724618911743
3,0.061224489795918366,Uniform,DeepONet_MLP_Fourier,0.1478380411863327
4,0.08163265306122448,Uniform,DeepONet_MLP_Fourier,0.15171010792255402
5,0.1020408163265306,Uniform,DeepONet_MLP_Fourier,0.15112587809562683
6,0.12244897959183673,Uniform,DeepONet_MLP_Fourier,0.21530777215957642
7,0.14285714285714285,Uniform,DeepONet_MLP_Fourier,0.2661346197128296
8,0.16326530612244897,Uniform,DeepONet_MLP_Fourier,0.25944283604621887
9,0.18367346938775508,Uniform,DeepONet_MLP_Fourier,0.2831887900829315
10,0.2040816326530612,Uniform,DeepONet_MLP_Fourier,0.34331125020980835
11,0.22448979591836732,Uniform,DeepONet_MLP_Fourier,0.3895958364009857
12,0.24489795918367346,Uniform,DeepONet_MLP_Fourier,0.35823026299476624
13,0.26530612244897955,Uniform,DeepONet_MLP_Fourier,0.37612906098365784
14,0.2857142857142857,Uniform,DeepONet_MLP_Fourier,0.3683973252773285
15,0.3061224489795918,Uniform,DeepONet_MLP_Fourier,0.4546130895614624
16,0.32653061224489793,Uniform,DeepONet_MLP_Fourier,0.4664641320705414
17,0.3469387755102041,Uniform,DeepONet_MLP_Fourier,0.4527375400066376
18,0.36734693877551017,Uniform,DeepONet_MLP_Fourier,0.46834665536880493
19,0.3877551020408163,Uniform,DeepONet_MLP_Fourier,0.5317173004150391
20,0.4081632653061224,Uniform,DeepONet_MLP_Fourier,0.5535992980003357
21,0.42857142857142855,Uniform,DeepONet_MLP_Fourier,0.559109628200531
22,0.44897959183673464,Uniform,DeepONet_MLP_Fourier,0.4838908314704895
23,0.4693877551020408,Uniform,DeepONet_MLP_Fourier,0.5050095915794373
24,0.4897959183673469,Uniform,DeepONet_MLP_Fourier,0.5659517645835876
25,0.5102040816326531,Uniform,DeepONet_MLP_Fourier,0.5356681942939758
26,0.5306122448979591,Uniform,DeepONet_MLP_Fourier,0.5360742211341858
27,0.5510204081632653,Uniform,DeepONet_MLP_Fourier,0.5323284864425659
28,0.5714285714285714,Uniform,DeepONet_MLP_Fourier,0.5319279432296753
29,0.5918367346938775,Uniform,DeepONet_MLP_Fourier,0.5256971120834351
30,0.6122448979591836,Uniform,DeepONet_MLP_Fourier,0.5086385607719421
31,0.6326530612244897,Uniform,DeepONet_MLP_Fourier,0.5251912474632263
32,0.6530612244897959,Uniform,DeepONet_MLP_Fourier,0.4695597290992737
33,0.673469387755102,Uniform,DeepONet_MLP_Fourier,0.4699198603630066
34,0.6938775510204082,Uniform,DeepONet_MLP_Fourier,0.42923784255981445
35,0.7142857142857142,Uniform,DeepONet_MLP_Fourier,0.44833487272262573
36,0.7346938775510203,Uniform,DeepONet_MLP_Fourier,0.4167998731136322
37,0.7551020408163265,Uniform,DeepONet_MLP_Fourier,0.41949835419654846
38,0.7755102040816326,Uniform,DeepONet_MLP_Fourier,0.35583120584487915
39,0.7959183673469387,Uniform,DeepONet_MLP_Fourier,0.3391765058040619
40,0.8163265306122448,Uniform,DeepONet_MLP_Fourier,0.262145459651947
41,0.836734693877551,Uniform,DeepONet_MLP_Fourier,0.2125844657421112
42,0.8571428571428571,Uniform,DeepONet_MLP_Fourier,0.19257251918315887
43,0.8775510204081632,Uniform,DeepONet_MLP_Fourier,0.14861509203910828
44,0.8979591836734693,Uniform,DeepONet_MLP_Fourier,0.11869250237941742
45,0.9183673469387754,Uniform,DeepONet_MLP_Fourier,0.09515789151191711
46,0.9387755102040816,Uniform,DeepONet_MLP_Fourier,0.09300868213176727
47,0.9591836734693877,Uniform,DeepONet_MLP_Fourier,0.05495205149054527
48,0.9795918367346939,Uniform,DeepONet_MLP_Fourier,0.040037527680397034
49,1.0,Uniform,DeepONet_MLP_Fourier,0.0034974287264049053
0,0.0,Uniform,MAP,0.014338707988437735
1,0.02040816326530612,Uniform,MAP,0.04269619898792966
2,0.04081632653061224,Uniform,MAP,0.08061381457123523
3,0.061224489795918366,Uniform,MAP,0.1201700098248344
4,0.08163265306122448,Uniform,MAP,0.159263763549371
5,0.1020408163265306,Uniform,MAP,0.19754839242568578
6,0.12244897959183673,Uniform,MAP,0.23482621347647378
7,0.14285714285714285,Uniform,MAP,0.27090968465918325
8,0.16326530612244897,Uniform,MAP,0.3056186902243622
9,0.18367346938775508,Uniform,MAP,0.3387815949352389
10,0.2040816326530612,Uniform,MAP,0.3702362715503362
11,0.22448979591836732,Uniform,MAP,0.3998310581254176
12,0.24489795918367346,Uniform,MAP,0.42742563820747453
13,0.26530612244897955,Uniform,MAP,0.4528918377661765
14,0.2857142857142857,Uniform,MAP,0.476114333411887
15,0.3061224489795918,Uniform,MAP,0.4969912671946495
16,0.32653061224489793,Uniform,MAP,0.5154347640589977
17,0.3469387755102041,Uniform,MAP,0.5313713488379341
18,0.36734693877551017,Uniform,MAP,0.5447422604977085
19,0.3877551020408163,Uniform,MAP,0.5555036621848758
20,0.4081632653061224,Uniform,MAP,0.5636267464719855
21,0.42857142857142855,Uniform,MAP,0.5690977360393144
22,0.44897959183673464,Uniform,MAP,0.5719177808600623
23,0.4693877551020408,Uniform,MAP,0.5721027537675395
24,0.4897959183673469,Uniform,MAP,0.5696829470682448
25,0.5102040816326531,Uniform,MAP,0.5647026736175907
26,0.5306122448979591,Uniform,MAP,0.5572197764884255
27,0.5510204081632653,Uniform,MAP,0.5473050520309645
28,0.5714285714285714,Uniform,MAP,0.5350415917407698
29,0.5918367346938775,Uniform,MAP,0.5205240489135481
30,0.6122448979591836,Uniform,MAP,0.5038578365687044
31,0.6326530612244897,Uniform,MAP,0.4851582635637108
32,0.6530612244897959,Uniform,MAP,0.4645496161944977
33,0.673469387755102,Uniform,MAP,0.4421641928822903
34,0.6938775510204082,Uniform,MAP,0.41814129978343745
35,0.7142857142857142,Uniform,MAP,0.39262621532421377
36,0.7346938775510203,Uniform,MAP,0.3657691317566268
37,0.7551020408163265,Uniform,MAP,0.33772408185586195
38,0.7755102040816326,Uniform,MAP,0.30864785883607215
39,0.7959183673469387,Uniform,MAP,0.27869893745030744
40,0.8163265306122448,Uniform,MAP,0.2480364040650053
41,0.836734693877551,Uniform,MAP,0.21681890326354714
42,0.8571428571428571,Uniform,MAP,0.18520360823871976
43,0.8775510204081632,Uniform,MAP,0.1533452218865559
44,0.8979591836734693,Uniform,MAP,0.12139501530807136
45,0.9183673469387754,Uniform,MAP,0.08949996744934569
46,0.9387755102040816,Uniform,MAP,0.05780805075242905
47,0.9591836734693877,Uniform,MAP,0.02668849655033449
48,0.9795918367346939,Uniform,MAP,-0.0008172478259025882
49,1.0,Uniform,MAP,-0.013892857399121512
0,0.0,Uniform,Sample_Mean,-0.005715578553847458
1,0.02040816326530612,Uniform,Sample_Mean,-0.0004290302139971848
2,0.04081632653061224,Uniform,Sample_Mean,0.000550971370360539
3,0.061224489795918366,Uniform,Sample_Mean,0.003348667377552153
4,0.08163265306122448,Uniform,Sample_Mean,-1.0987563891428938e-05
5,0.1020408163265306,Uniform,Sample_Mean,0.00010450483756835032
6,0.12244897959183673,Uniform,Sample_Mean,-0.0011990922756310875
7,0.14285714285714285,Uniform,Sample_Mean,0.001385527912081915
8,0.16326530612244897,Uniform,Sample_Mean,0.00022471499598145637
9,0.18367346938775508,Uniform,Sample_Mean,0.00028566651599625854
10,0.2040816326530612,Uniform,Sample_Mean,0.0018874612187762807
11,0.22448979591836732,Uniform,Sample_Mean,0.0024291897143517657
12,0.24489795918367346,Uniform,Sample_Mean,0.0002525616042846052
13,0.26530612244897955,Uniform,Sample_Mean,0.0037425229547351415
14,0.2857142857142857,Uniform,Sample_Mean,0.0006421848121576739
15,0.3061224489795918,Uniform,Sample_Mean,-0.0017599731323144278
16,0.32653061224489793,Uniform,Sample_Mean,-0.0008948266674140008
17,0.3469387755102041,Uniform,Sample_Mean,0.002860617435360556
18,0.36734693877551017,Uniform,Sample_Mean,-0.000756161420447829
19,0.3877551020408163,Uniform,Sample_Mean,0.002909627365958062
20,0.4081632653061224,Uniform,Sample_Mean,0.000456331743652809
21,0.42857142857142855,Uniform,Sample_Mean,-0.0042768070319486595
22,0.44897959183673464,Uniform,Sample_Mean,-0.0018006307185975345
23,0.4693877551020408,Uniform,Sample_Mean,0.004195253290952527
24,0.4897959183673469,Uniform,Sample_Mean,0.0013370016655565619
25,0.5102040816326531,Uniform,Sample_Mean,-0.00061934283874565
26,0.5306122448979591,Uniform,Sample_Mean,-0.0010798043448496614
27,0.5510204081632653,Uniform,Sample_Mean,-0.0039325095893337466
28,0.5714285714285714,Uniform,Sample_Mean,0.00039108579511606967
29,0.5918367346938775,Uniform,Sample_Mean,-0.001794058929950643
30,0.6122448979591836,Uniform,Sample_Mean,-0.0014379322684236902
31,0.6326530612244897,Uniform,Sample_Mean,0.0012456538989792977
32,0.6530612244897959,Uniform,Sample_Mean,0.0039301982638483435
33,0.673469387755102,Uniform,Sample_Mean,-0.003207896528604799
34,0.6938775510204082,Uniform,Sample_Mean,-0.003313251880791288
35,0.7142857142857142,Uniform,Sample_Mean,0.0015442348987547705
36,0.7346938775510203,Uniform,Sample_Mean,0.0009459098836696535
37,0.7551020408163265,Uniform,Sample_Mean,0.0066329448018752355
38,0.7755102040816326,Uniform,Sample_Mean,-0.006232612131152958
39,0.7959183673469387,Uniform,Sample_Mean,0.004352385687533691
40,0.8163265306122448,Uniform,Sample_Mean,-0.00807740059006533
41,0.836734693877551,Uniform,Sample_Mean,-0.005445906602749643
42,0.8571428571428571,Uniform,Sample_Mean,0.004333306846609629
43,0.8775510204081632,Uniform,Sample_Mean,-0.004547990186765972
44,0.8979591836734693,Uniform,Sample_Mean,-0.0014043612078899568
45,0.9183673469387754,Uniform,Sample_Mean,0.005861587443865075
46,0.9387755102040816,Uniform,Sample_Mean,0.0034589329177188237
47,0.9591836734693877,Uniform,Sample_Mean,-0.0012219953183260472
48,0.9795918367346939,Uniform,Sample_Mean,-0.0025528520983203826
49,1.0,Uniform,Sample_Mean,-0.007351378348013791
0,0.0,Uniform,True,0.0
1,0.02040816326530612,Uniform,True,0.0
2,0.04081632653061224,Uniform,True,0.0
3,0.061224489795918366,Uniform,True,0.0
4,0.08163265306122448,Uniform,True,0.0
5,0.1020408163265306,Uniform,True,0.0
6,0.12244897959183673,Uniform,True,0.0
7,0.14285714285714285,Uniform,True,0.0
8,0.16326530612244897,Uniform,True,0.0
9,0.18367346938775508,Uniform,True,0.0
10,0.2040816326530612,Uniform,True,0.0
11,0.22448979591836732,Uniform,True,0.0
12,0.24489795918367346,Uniform,True,0.0
13,0.26530612244897955,Uniform,True,0.0
14,0.2857142857142857,Uniform,True,0.0
15,0.3061224489795918,Uniform,True,0.0
16,0.32653061224489793,Uniform,True,0.0
17,0.3469387755102041,Uniform,True,1.0
18,0.36734693877551017,Uniform,True,1.0
19,0.3877551020408163,Uniform,True,1.0
20,0.4081632653061224,Uniform,True,1.0
21,0.42857142857142855,Uniform,True,1.0
22,0.44897959183673464,Uniform,True,1.0
23,0.4693877551020408,Uniform,True,1.0
24,0.4897959183673469,Uniform,True,1.0
25,0.5102040816326531,Uniform,True,1.0
26,0.5306122448979591,Uniform,True,1.0
27,0.5510204081632653,Uniform,True,1.0
28,0.5714285714285714,Uniform,True,1.0
29,0.5918367346938775,Uniform,True,1.0
30,0.6122448979591836,Uniform,True,1.0
31,0.6326530612244897,Uniform,True,1.0
32,0.6530612244897959,Uniform,True,1.0
33,0.673469387755102,Uniform,True,0.0
34,0.6938775510204082,Uniform,True,0.0
35,0.7142857142857142,Uniform,True,0.0
36,0.7346938775510203,Uniform,True,0.0
37,0.7551020408163265,Uniform,True,0.0
38,0.7755102040816326,Uniform,True,0.0
39,0.7959183673469387,Uniform,True,0.0
40,0.8163265306122448,Uniform,True,0.0
41,0.836734693877551,Uniform,True,0.0
42,0.8571428571428571,Uniform,True,0.0
43,0.8775510204081632,Uniform,True,0.0
44,0.8979591836734693,Uniform,True,0.0
45,0.9183673469387754,Uniform,True,0.0
46,0.9387755102040816,Uniform,True,0.0
47,0.9591836734693877,Uniform,True,0.0
48,0.9795918367346939,Uniform,True,0.0
49,1.0,Uniform,True,0.0
