cell_index,prior,model,prediction
0,Gaussian,MLP,0.00034729772596620023
1,Gaussian,MLP,0.0003479053848423064
2,Gaussian,MLP,0.00033978273859247565
3,Gaussian,MLP,0.0003424008027650416
4,Gaussian,MLP,0.00034675889764912426
5,Gaussian,MLP,0.0003517228178679943
6,Gaussian,MLP,0.00034606055123731494
7,Gaussian,MLP,0.0003434021200519055
8,Gaussian,MLP,0.0003485271881800145
9,Gaussian,MLP,0.00033612691913731396
10,Gaussian,MLP,0.0003471040108706802
11,Gaussian,MLP,0.00034989294363185763
12,Gaussian,MLP,0.00034612175659276545
13,Gaussian,MLP,0.000345778331393376
14,Gaussian,MLP,0.0003432997618801892
15,Gaussian,MLP,0.00034898301237262785
16,Gaussian,MLP,0.0003827883629128337
17,Gaussian,MLP,0.00035499356454238296
18,Gaussian,MLP,0.0003466969938017428
19,Gaussian,MLP,0.0003465821500867605
20,Gaussian,MLP,0.0003425453614909202
21,Gaussian,MLP,0.0003454596153460443
22,Gaussian,MLP,0.00034650141606107354
23,Gaussian,MLP,0.0003337013185955584
24,Gaussian,MLP,0.000350700574927032
25,Gaussian,MLP,0.00034973880974575877
26,Gaussian,MLP,0.00034395375405438244
27,Gaussian,MLP,0.00034374670940451324
28,Gaussian,MLP,0.000345731241395697
29,Gaussian,MLP,0.0003423728921916336
30,Gaussian,MLP,0.00034468641388230026
31,Gaussian,MLP,0.00033624187926761806
32,Gaussian,MLP,0.00033000795519910753
33,Gaussian,MLP,0.00033945072209462523
34,Gaussian,MLP,0.0003481863532215357
35,Gaussian,MLP,0.00034343809238635004
36,Gaussian,MLP,0.000344853731803596
37,Gaussian,MLP,0.0003399205452296883
38,Gaussian,MLP,0.0003482149331830442
39,Gaussian,MLP,0.0003520160389598459
40,Gaussian,MLP,0.0003410962817724794
41,Gaussian,MLP,0.00034082020283676684
42,Gaussian,MLP,0.0003452505625318736
43,Gaussian,MLP,0.0003458098217379302
44,Gaussian,MLP,0.0003480760206002742
45,Gaussian,MLP,0.0003464886103756726
46,Gaussian,MLP,0.0003469314251560718
47,Gaussian,MLP,0.00035110872704535723
48,Gaussian,MLP,0.00034759228583425283
0,Gaussian,CNN2D,0.00034738684189505875
1,Gaussian,CNN2D,0.0003480826271697879
2,Gaussian,CNN2D,0.00034170999424532056
3,Gaussian,CNN2D,0.00034185644472017884
4,Gaussian,CNN2D,0.00034546430106274784
5,Gaussian,CNN2D,0.00035320225288160145
6,Gaussian,CNN2D,0.0003465723420958966
7,Gaussian,CNN2D,0.0003424049646127969
8,Gaussian,CNN2D,0.0003483939217403531
9,Gaussian,CNN2D,0.0003346420417074114
10,Gaussian,CNN2D,0.0003454847610555589
11,Gaussian,CNN2D,0.00035019643837586045
12,Gaussian,CNN2D,0.0003459213185124099
13,Gaussian,CNN2D,0.0003430070646572858
14,Gaussian,CNN2D,0.0003459627623669803
15,Gaussian,CNN2D,0.00034888737718574703
16,Gaussian,CNN2D,0.00038179237162694335
17,Gaussian,CNN2D,0.00035427691182121634
18,Gaussian,CNN2D,0.00034517800668254495
19,Gaussian,CNN2D,0.000345427863067016
20,Gaussian,CNN2D,0.00034397526178508997
21,Gaussian,CNN2D,0.0003438789281062782
22,Gaussian,CNN2D,0.000345721491612494
23,Gaussian,CNN2D,0.00033580115996301174
24,Gaussian,CNN2D,0.0003487063222564757
25,Gaussian,CNN2D,0.00035189618938602507
26,Gaussian,CNN2D,0.00034241436515003443
27,Gaussian,CNN2D,0.00034445879282429814
28,Gaussian,CNN2D,0.0003450863587204367
29,Gaussian,CNN2D,0.00034153080196119845
30,Gaussian,CNN2D,0.0003417659900151193
31,Gaussian,CNN2D,0.00033926902688108385
32,Gaussian,CNN2D,0.00032997605740092695
33,Gaussian,CNN2D,0.0003388398909009993
34,Gaussian,CNN2D,0.000345378095516935
35,Gaussian,CNN2D,0.00034509203396737576
36,Gaussian,CNN2D,0.00034396571572870016
37,Gaussian,CNN2D,0.0003408952325116843
38,Gaussian,CNN2D,0.00034766169846989214
39,Gaussian,CNN2D,0.00035233257221989334
40,Gaussian,CNN2D,0.00034269006573595107
41,Gaussian,CNN2D,0.00034156977199018
42,Gaussian,CNN2D,0.00034471091930754483
43,Gaussian,CNN2D,0.00034696253715083003
44,Gaussian,CNN2D,0.00034747677273117006
45,Gaussian,CNN2D,0.00034575199242681265
46,Gaussian,CNN2D,0.00034706108272075653
47,Gaussian,CNN2D,0.00035361188929528
48,Gaussian,CNN2D,0.0003475248522590846
0,Gaussian,DeepONet_MLP_Fourier,0.0003457925049588084
1,Gaussian,DeepONet_MLP_Fourier,0.00034695296199060977
2,Gaussian,DeepONet_MLP_Fourier,0.00034230281016789377
3,Gaussian,DeepONet_MLP_Fourier,0.00034197879722341895
4,Gaussian,DeepONet_MLP_Fourier,0.0003468452487140894
5,Gaussian,DeepONet_MLP_Fourier,0.00035173242213204503
6,Gaussian,DeepONet_MLP_Fourier,0.00034714918001554906
7,Gaussian,DeepONet_MLP_Fourier,0.0003435160033404827
8,Gaussian,DeepONet_MLP_Fourier,0.00034744609729386866
9,Gaussian,DeepONet_MLP_Fourier,0.0003372362407390028
10,Gaussian,DeepONet_MLP_Fourier,0.00034704303834587336
11,Gaussian,DeepONet_MLP_Fourier,0.00034901814069598913
12,Gaussian,DeepONet_MLP_Fourier,0.00034630848676897585
13,Gaussian,DeepONet_MLP_Fourier,0.0003438424610067159
14,Gaussian,DeepONet_MLP_Fourier,0.00034276023507118225
15,Gaussian,DeepONet_MLP_Fourier,0.00034981544013135135
16,Gaussian,DeepONet_MLP_Fourier,0.00038137304363772273
17,Gaussian,DeepONet_MLP_Fourier,0.00035681872395798564
18,Gaussian,DeepONet_MLP_Fourier,0.0003463052853476256
19,Gaussian,DeepONet_MLP_Fourier,0.0003460448933765292
20,Gaussian,DeepONet_MLP_Fourier,0.00034420174779370427
21,Gaussian,DeepONet_MLP_Fourier,0.00034632679307833314
22,Gaussian,DeepONet_MLP_Fourier,0.0003470442316029221
23,Gaussian,DeepONet_MLP_Fourier,0.000334029522491619
24,Gaussian,DeepONet_MLP_Fourier,0.000350481946952641
25,Gaussian,DeepONet_MLP_Fourier,0.00035194557858631015
26,Gaussian,DeepONet_MLP_Fourier,0.0003439056745264679
27,Gaussian,DeepONet_MLP_Fourier,0.0003435251419432461
28,Gaussian,DeepONet_MLP_Fourier,0.0003450458461884409
29,Gaussian,DeepONet_MLP_Fourier,0.0003416032704990357
30,Gaussian,DeepONet_MLP_Fourier,0.0003422815352678299
31,Gaussian,DeepONet_MLP_Fourier,0.0003361024137120694
32,Gaussian,DeepONet_MLP_Fourier,0.00033071101643145084
33,Gaussian,DeepONet_MLP_Fourier,0.0003388267650734633
34,Gaussian,DeepONet_MLP_Fourier,0.000346534390700981
35,Gaussian,DeepONet_MLP_Fourier,0.0003447381022851914
36,Gaussian,DeepONet_MLP_Fourier,0.00034535909071564674
37,Gaussian,DeepONet_MLP_Fourier,0.0003408664488233626
38,Gaussian,DeepONet_MLP_Fourier,0.00034507858799770474
39,Gaussian,DeepONet_MLP_Fourier,0.0003532830160111189
40,Gaussian,DeepONet_MLP_Fourier,0.0003412964870221913
41,Gaussian,DeepONet_MLP_Fourier,0.00034095748560503125
42,Gaussian,DeepONet_MLP_Fourier,0.0003451466909609735
43,Gaussian,DeepONet_MLP_Fourier,0.0003458423016127199
44,Gaussian,DeepONet_MLP_Fourier,0.00034731271443888545
45,Gaussian,DeepONet_MLP_Fourier,0.0003466554917395115
46,Gaussian,DeepONet_MLP_Fourier,0.0003452569944784045
47,Gaussian,DeepONet_MLP_Fourier,0.00035308836959302425
48,Gaussian,DeepONet_MLP_Fourier,0.00034685328137129545
0,Gaussian,Gauss-Newton,0.00034738810780193314
1,Gaussian,Gauss-Newton,0.0003475112939199674
2,Gaussian,Gauss-Newton,0.0003368848835020582
3,Gaussian,Gauss-Newton,0.00034229317403179724
4,Gaussian,Gauss-Newton,0.0003472582541001107
5,Gaussian,Gauss-Newton,0.00035241745776032866
6,Gaussian,Gauss-Newton,0.0003468968070756514
7,Gaussian,Gauss-Newton,0.0003390621627320086
8,Gaussian,Gauss-Newton,0.00035003056496752316
9,Gaussian,Gauss-Newton,0.00033390360763277204
10,Gaussian,Gauss-Newton,0.0003449860438331567
11,Gaussian,Gauss-Newton,0.00035067926831690977
12,Gaussian,Gauss-Newton,0.0003475763594080797
13,Gaussian,Gauss-Newton,0.0003445090161581512
14,Gaussian,Gauss-Newton,0.00034778575001224906
15,Gaussian,Gauss-Newton,0.00034592721756978396
16,Gaussian,Gauss-Newton,0.0003900807581065424
17,Gaussian,Gauss-Newton,0.00035015055691331416
18,Gaussian,Gauss-Newton,0.0003476507991009447
19,Gaussian,Gauss-Newton,0.0003473983170576166
20,Gaussian,Gauss-Newton,0.00034278702892389084
21,Gaussian,Gauss-Newton,0.00034235819605194087
22,Gaussian,Gauss-Newton,0.0003461501116223693
23,Gaussian,Gauss-Newton,0.00033625324235584243
24,Gaussian,Gauss-Newton,0.0003475499526509059
25,Gaussian,Gauss-Newton,0.0003510709803819956
26,Gaussian,Gauss-Newton,0.000344887662145145
27,Gaussian,Gauss-Newton,0.00034603840027568744
28,Gaussian,Gauss-Newton,0.00034556433134900696
29,Gaussian,Gauss-Newton,0.00033912581910378476
30,Gaussian,Gauss-Newton,0.00034381659644534704
31,Gaussian,Gauss-Newton,0.0003364667568330506
32,Gaussian,Gauss-Newton,0.0003291080688489483
33,Gaussian,Gauss-Newton,0.0003400866361915227
34,Gaussian,Gauss-Newton,0.0003483487175304456
35,Gaussian,Gauss-Newton,0.0003443370982935406
36,Gaussian,Gauss-Newton,0.0003440766818145578
37,Gaussian,Gauss-Newton,0.0003371719470279023
38,Gaussian,Gauss-Newton,0.00035114311692823727
39,Gaussian,Gauss-Newton,0.00035145836401323754
40,Gaussian,Gauss-Newton,0.00034152852568760023
41,Gaussian,Gauss-Newton,0.00033787708302950107
42,Gaussian,Gauss-Newton,0.0003444985894601348
43,Gaussian,Gauss-Newton,0.0003434943349843446
44,Gaussian,Gauss-Newton,0.0003483070974652568
45,Gaussian,Gauss-Newton,0.00034426795290813244
46,Gaussian,Gauss-Newton,0.00034692068151519114
47,Gaussian,Gauss-Newton,0.000352724108177976
48,Gaussian,Gauss-Newton,0.0003483917764783552
0,Gaussian,Sample_Mean,0.0003448942402043357
1,Gaussian,Sample_Mean,0.0003447435417913732
2,Gaussian,Sample_Mean,0.00034484296370789836
3,Gaussian,Sample_Mean,0.0003448459198401569
4,Gaussian,Sample_Mean,0.0003449087308184087
5,Gaussian,Sample_Mean,0.00034483590805097555
6,Gaussian,Sample_Mean,0.00034490957396401923
7,Gaussian,Sample_Mean,0.0003449170249865087
8,Gaussian,Sample_Mean,0.0003447714235369806
9,Gaussian,Sample_Mean,0.0003448898457783931
10,Gaussian,Sample_Mean,0.00034476510853259385
11,Gaussian,Sample_Mean,0.0003448561202007641
12,Gaussian,Sample_Mean,0.00034491404399136484
13,Gaussian,Sample_Mean,0.00034485808077442586
14,Gaussian,Sample_Mean,0.0003447365129627914
15,Gaussian,Sample_Mean,0.00034484138673373843
16,Gaussian,Sample_Mean,0.0003448276968472338
17,Gaussian,Sample_Mean,0.00034474927269373244
18,Gaussian,Sample_Mean,0.00034484249241558556
19,Gaussian,Sample_Mean,0.000344838217376373
20,Gaussian,Sample_Mean,0.00034471693922339926
21,Gaussian,Sample_Mean,0.0003447951089396603
22,Gaussian,Sample_Mean,0.0003447467302848318
23,Gaussian,Sample_Mean,0.00034487006835044466
24,Gaussian,Sample_Mean,0.0003447718585069864
25,Gaussian,Sample_Mean,0.0003448252573633776
26,Gaussian,Sample_Mean,0.0003447927480239231
27,Gaussian,Sample_Mean,0.0003448564668114805
28,Gaussian,Sample_Mean,0.0003448355353836836
29,Gaussian,Sample_Mean,0.00034478900607367143
30,Gaussian,Sample_Mean,0.0003446721736956858
31,Gaussian,Sample_Mean,0.00034473726486166295
32,Gaussian,Sample_Mean,0.0003448205036058959
33,Gaussian,Sample_Mean,0.000344679020131432
34,Gaussian,Sample_Mean,0.0003447628337825737
35,Gaussian,Sample_Mean,0.0003447987509396347
36,Gaussian,Sample_Mean,0.00034497124298804094
37,Gaussian,Sample_Mean,0.00034489940999195837
38,Gaussian,Sample_Mean,0.000344771442208456
39,Gaussian,Sample_Mean,0.000344955168503869
40,Gaussian,Sample_Mean,0.00034480493702916974
41,Gaussian,Sample_Mean,0.00034473311977572884
42,Gaussian,Sample_Mean,0.00034476393875470206
43,Gaussian,Sample_Mean,0.00034486441530120386
44,Gaussian,Sample_Mean,0.00034489419076068556
45,Gaussian,Sample_Mean,0.00034475350916036556
46,Gaussian,Sample_Mean,0.00034479802441457545
47,Gaussian,Sample_Mean,0.0003447569503665767
48,Gaussian,Sample_Mean,0.0003449239700223516
0,Gaussian,True,0.0003448275862068971
1,Gaussian,True,0.00034482758630774657
2,Gaussian,True,0.00034482759177464466
3,Gaussian,True,0.00034482758630774657
4,Gaussian,True,0.0003448275862068971
5,Gaussian,True,0.0003448275862068965
6,Gaussian,True,0.0003448275862068965
7,Gaussian,True,0.00034482758630774657
8,Gaussian,True,0.00034484455722087325
9,Gaussian,True,0.00034576703133471463
10,Gaussian,True,0.00034484455722087325
11,Gaussian,True,0.00034482758630774657
12,Gaussian,True,0.0003448275862068965
13,Gaussian,True,0.0003448275862068965
14,Gaussian,True,0.00034482759177464466
15,Gaussian,True,0.00034576703133471463
16,Gaussian,True,0.00040567951318458374
17,Gaussian,True,0.0003457670312672982
18,Gaussian,True,0.00034482758806281266
19,Gaussian,True,0.0003448275861396632
20,Gaussian,True,0.0003448275862068962
21,Gaussian,True,0.00034482758630774657
22,Gaussian,True,0.00034484455722087325
23,Gaussian,True,0.0003457670312672982
24,Gaussian,True,0.00034483324358274475
25,Gaussian,True,0.0003442041204966247
26,Gaussian,True,0.000344816273125552
27,Gaussian,True,0.0003448275861396632
28,Gaussian,True,0.0003448275862068971
29,Gaussian,True,0.00034482758630774657
30,Gaussian,True,0.00034482758806281266
31,Gaussian,True,0.0003442041204966247
32,Gaussian,True,0.0003134796238244519
33,Gaussian,True,0.00034420412039595696
34,Gaussian,True,0.0003448275824950646
35,Gaussian,True,0.0003448275862068965
36,Gaussian,True,0.0003448275862068965
37,Gaussian,True,0.0003448275861396632
38,Gaussian,True,0.000344816273125552
39,Gaussian,True,0.00034420412039595696
40,Gaussian,True,0.000344816273125552
41,Gaussian,True,0.0003448275861396632
42,Gaussian,True,0.0003448275862068965
43,Gaussian,True,0.0003448275862068965
44,Gaussian,True,0.0003448275862068962
45,Gaussian,True,0.0003448275861396632
46,Gaussian,True,0.0003448275824950646
47,Gaussian,True,0.0003448275861396632
48,Gaussian,True,0.0003448275862068962
0,Laplace,MLP,0.00034552422584965825
1,Laplace,MLP,0.0003458199789747596
2,Laplace,MLP,0.00034296303056180477
3,Laplace,MLP,0.0003423732123337686
4,Laplace,MLP,0.0003465981862973422
5,Laplace,MLP,0.0003508178342599422
6,Laplace,MLP,0.0003455607802607119
7,Laplace,MLP,0.00034437893191352487
8,Laplace,MLP,0.00034435203997418284
9,Laplace,MLP,0.0003424860769882798
10,Laplace,MLP,0.00034696084912866354
11,Laplace,MLP,0.0003471601812634617
12,Laplace,MLP,0.00034529835102148354
13,Laplace,MLP,0.00034629067522473633
14,Laplace,MLP,0.0003446958144195378
15,Laplace,MLP,0.0003456406993791461
16,Laplace,MLP,0.00039156831917352974
17,Laplace,MLP,0.0003501784522086382
18,Laplace,MLP,0.00034591369330883026
19,Laplace,MLP,0.00034549200790934265
20,Laplace,MLP,0.00034438245347701013
21,Laplace,MLP,0.00034479593159630895
22,Laplace,MLP,0.0003455749829299748
23,Laplace,MLP,0.0003395481326151639
24,Laplace,MLP,0.000348097673850134
25,Laplace,MLP,0.0003503271145746112
26,Laplace,MLP,0.000342671963153407
27,Laplace,MLP,0.0003446672926656902
28,Laplace,MLP,0.0003470403898973018
29,Laplace,MLP,0.0003431913792155683
30,Laplace,MLP,0.00034492608392611146
31,Laplace,MLP,0.000336699653416872
32,Laplace,MLP,0.0003299379313830286
33,Laplace,MLP,0.00033851174521259964
34,Laplace,MLP,0.0003470447554718703
35,Laplace,MLP,0.00034307982423342764
36,Laplace,MLP,0.0003463387256488204
37,Laplace,MLP,0.00034054412390105426
38,Laplace,MLP,0.0003471357049420476
39,Laplace,MLP,0.00035066751297563314
40,Laplace,MLP,0.000342399172950536
41,Laplace,MLP,0.0003409688069950789
42,Laplace,MLP,0.0003450545482337475
43,Laplace,MLP,0.00034735488588921726
44,Laplace,MLP,0.0003469286020845175
45,Laplace,MLP,0.00034515646984800696
46,Laplace,MLP,0.00034718026290647686
47,Laplace,MLP,0.00035005967947654426
48,Laplace,MLP,0.00034629349829629064
0,Laplace,CNN2D,0.0003478611761238426
1,Laplace,CNN2D,0.00034851094824261963
2,Laplace,CNN2D,0.000340900820447132
3,Laplace,CNN2D,0.0003441475855652243
4,Laplace,CNN2D,0.0003489426162559539
5,Laplace,CNN2D,0.0003477255813777447
6,Laplace,CNN2D,0.0003443841706030071
7,Laplace,CNN2D,0.0003404221497476101
8,Laplace,CNN2D,0.00034526566741988063
9,Laplace,CNN2D,0.00033877036185003817
10,Laplace,CNN2D,0.0003471145173534751
11,Laplace,CNN2D,0.0003448174975346774
12,Laplace,CNN2D,0.0003439158317632973
13,Laplace,CNN2D,0.0003482680185697973
14,Laplace,CNN2D,0.00034673124901019037
15,Laplace,CNN2D,0.0003432322118896991
16,Laplace,CNN2D,0.0003950691025238484
17,Laplace,CNN2D,0.0003481969761196524
18,Laplace,CNN2D,0.00034588234848342836
19,Laplace,CNN2D,0.00034254646743647754
20,Laplace,CNN2D,0.0003419834829401225
21,Laplace,CNN2D,0.00034347508335486054
22,Laplace,CNN2D,0.00034552474971860647
23,Laplace,CNN2D,0.00034029455855488777
24,Laplace,CNN2D,0.00034866557689383626
25,Laplace,CNN2D,0.00035024998942390084
26,Laplace,CNN2D,0.00034214300103485584
27,Laplace,CNN2D,0.00034414001856930554
28,Laplace,CNN2D,0.00034760337439365685
29,Laplace,CNN2D,0.0003414771636016667
30,Laplace,CNN2D,0.00034367822809144855
31,Laplace,CNN2D,0.0003390242636669427
32,Laplace,CNN2D,0.0003301811229903251
33,Laplace,CNN2D,0.0003372725041117519
34,Laplace,CNN2D,0.00034841158776544034
35,Laplace,CNN2D,0.00034288462484255433
36,Laplace,CNN2D,0.0003451420343481004
37,Laplace,CNN2D,0.0003420318244025111
38,Laplace,CNN2D,0.00034684178535826504
39,Laplace,CNN2D,0.0003499502781778574
40,Laplace,CNN2D,0.0003385974559932947
41,Laplace,CNN2D,0.0003397844557184726
42,Laplace,CNN2D,0.0003445242764428258
43,Laplace,CNN2D,0.00034586433321237564
44,Laplace,CNN2D,0.000346600660122931
45,Laplace,CNN2D,0.00034681629040278494
46,Laplace,CNN2D,0.00034785293973982334
47,Laplace,CNN2D,0.0003507225774228573
48,Laplace,CNN2D,0.00034734391374513507
0,Laplace,DeepONet_MLP_Fourier,0.00034637056523934007
1,Laplace,DeepONet_MLP_Fourier,0.00034631407470442355
2,Laplace,DeepONet_MLP_Fourier,0.00034161211806349456
3,Laplace,DeepONet_MLP_Fourier,0.00034184209653176367
4,Laplace,DeepONet_MLP_Fourier,0.000346991146216169
5,Laplace,DeepONet_MLP_Fourier,0.0003508768859319389
6,Laplace,DeepONet_MLP_Fourier,0.0003465035115368664
7,Laplace,DeepONet_MLP_Fourier,0.0003427453339099884
8,Laplace,DeepONet_MLP_Fourier,0.0003456887206993997
9,Laplace,DeepONet_MLP_Fourier,0.0003405998577363789
10,Laplace,DeepONet_MLP_Fourier,0.00034590542782098055
11,Laplace,DeepONet_MLP_Fourier,0.00034805978066287935
12,Laplace,DeepONet_MLP_Fourier,0.00034633933682926
13,Laplace,DeepONet_MLP_Fourier,0.0003443402238190174
14,Laplace,DeepONet_MLP_Fourier,0.0003454493416938931
15,Laplace,DeepONet_MLP_Fourier,0.00034679073723964393
16,Laplace,DeepONet_MLP_Fourier,0.0003905148769263178
17,Laplace,DeepONet_MLP_Fourier,0.0003519606834743172
18,Laplace,DeepONet_MLP_Fourier,0.00034673805930651724
19,Laplace,DeepONet_MLP_Fourier,0.00034497256274335086
20,Laplace,DeepONet_MLP_Fourier,0.00034527748357504606
21,Laplace,DeepONet_MLP_Fourier,0.00034431839594617486
22,Laplace,DeepONet_MLP_Fourier,0.0003458367718849331
23,Laplace,DeepONet_MLP_Fourier,0.0003370004997123033
24,Laplace,DeepONet_MLP_Fourier,0.00034890437382273376
25,Laplace,DeepONet_MLP_Fourier,0.00035067342105321586
26,Laplace,DeepONet_MLP_Fourier,0.0003437096602283418
27,Laplace,DeepONet_MLP_Fourier,0.00034325470915064216
28,Laplace,DeepONet_MLP_Fourier,0.00034695587237365544
29,Laplace,DeepONet_MLP_Fourier,0.0003413182857912034
30,Laplace,DeepONet_MLP_Fourier,0.00034454415435902774
31,Laplace,DeepONet_MLP_Fourier,0.00033670186530798674
32,Laplace,DeepONet_MLP_Fourier,0.0003293815243523568
33,Laplace,DeepONet_MLP_Fourier,0.0003392483340576291
34,Laplace,DeepONet_MLP_Fourier,0.0003459381405264139
35,Laplace,DeepONet_MLP_Fourier,0.00034298820537514985
36,Laplace,DeepONet_MLP_Fourier,0.0003448799252510071
37,Laplace,DeepONet_MLP_Fourier,0.0003425206814426929
38,Laplace,DeepONet_MLP_Fourier,0.0003480426676105708
39,Laplace,DeepONet_MLP_Fourier,0.00034993732697330415
40,Laplace,DeepONet_MLP_Fourier,0.0003411963698454201
41,Laplace,DeepONet_MLP_Fourier,0.0003408820484764874
42,Laplace,DeepONet_MLP_Fourier,0.00034540187334641814
43,Laplace,DeepONet_MLP_Fourier,0.00034524640068411827
44,Laplace,DeepONet_MLP_Fourier,0.0003473534598015249
45,Laplace,DeepONet_MLP_Fourier,0.0003468157956376672
46,Laplace,DeepONet_MLP_Fourier,0.00034738864633254707
47,Laplace,DeepONet_MLP_Fourier,0.00035176402889192104
48,Laplace,DeepONet_MLP_Fourier,0.00034577646874822676
0,Laplace,Gauss-Newton,0.00034738810780193314
1,Laplace,Gauss-Newton,0.0003475112939199674
2,Laplace,Gauss-Newton,0.0003368848835020582
3,Laplace,Gauss-Newton,0.00034229317403179724
4,Laplace,Gauss-Newton,0.0003472582541001107
5,Laplace,Gauss-Newton,0.00035241745776032866
6,Laplace,Gauss-Newton,0.0003468968070756514
7,Laplace,Gauss-Newton,0.0003390621627320086
8,Laplace,Gauss-Newton,0.00035003056496752316
9,Laplace,Gauss-Newton,0.00033390360763277204
10,Laplace,Gauss-Newton,0.0003449860438331567
11,Laplace,Gauss-Newton,0.00035067926831690977
12,Laplace,Gauss-Newton,0.0003475763594080797
13,Laplace,Gauss-Newton,0.0003445090161581512
14,Laplace,Gauss-Newton,0.00034778575001224906
15,Laplace,Gauss-Newton,0.00034592721756978396
16,Laplace,Gauss-Newton,0.0003900807581065424
17,Laplace,Gauss-Newton,0.00035015055691331416
18,Laplace,Gauss-Newton,0.0003476507991009447
19,Laplace,Gauss-Newton,0.0003473983170576166
20,Laplace,Gauss-Newton,0.00034278702892389084
21,Laplace,Gauss-Newton,0.00034235819605194087
22,Laplace,Gauss-Newton,0.0003461501116223693
23,Laplace,Gauss-Newton,0.00033625324235584243
24,Laplace,Gauss-Newton,0.0003475499526509059
25,Laplace,Gauss-Newton,0.0003510709803819956
26,Laplace,Gauss-Newton,0.000344887662145145
27,Laplace,Gauss-Newton,0.00034603840027568744
28,Laplace,Gauss-Newton,0.00034556433134900696
29,Laplace,Gauss-Newton,0.00033912581910378476
30,Laplace,Gauss-Newton,0.00034381659644534704
31,Laplace,Gauss-Newton,0.0003364667568330506
32,Laplace,Gauss-Newton,0.0003291080688489483
33,Laplace,Gauss-Newton,0.0003400866361915227
34,Laplace,Gauss-Newton,0.0003483487175304456
35,Laplace,Gauss-Newton,0.0003443370982935406
36,Laplace,Gauss-Newton,0.0003440766818145578
37,Laplace,Gauss-Newton,0.0003371719470279023
38,Laplace,Gauss-Newton,0.00035114311692823727
39,Laplace,Gauss-Newton,0.00035145836401323754
40,Laplace,Gauss-Newton,0.00034152852568760023
41,Laplace,Gauss-Newton,0.00033787708302950107
42,Laplace,Gauss-Newton,0.0003444985894601348
43,Laplace,Gauss-Newton,0.0003434943349843446
44,Laplace,Gauss-Newton,0.0003483070974652568
45,Laplace,Gauss-Newton,0.00034426795290813244
46,Laplace,Gauss-Newton,0.00034692068151519114
47,Laplace,Gauss-Newton,0.000352724108177976
48,Laplace,Gauss-Newton,0.0003483917764783552
0,Laplace,Sample_Mean,0.0003448383006842045
1,Laplace,Sample_Mean,0.0003448889119057779
2,Laplace,Sample_Mean,0.0003448857186271493
3,Laplace,Sample_Mean,0.0003449021485619136
4,Laplace,Sample_Mean,0.0003448709583249601
5,Laplace,Sample_Mean,0.0003448745749972026
6,Laplace,Sample_Mean,0.00034475610864776065
7,Laplace,Sample_Mean,0.00034485920302036716
8,Laplace,Sample_Mean,0.0003446500132996266
9,Laplace,Sample_Mean,0.00034491084815212446
10,Laplace,Sample_Mean,0.0003449577199657006
11,Laplace,Sample_Mean,0.0003449212939403921
12,Laplace,Sample_Mean,0.0003447306542620272
13,Laplace,Sample_Mean,0.0003448208111882343
14,Laplace,Sample_Mean,0.0003449483117603384
15,Laplace,Sample_Mean,0.0003448497806068071
16,Laplace,Sample_Mean,0.0003447431612730546
17,Laplace,Sample_Mean,0.0003448885306845219
18,Laplace,Sample_Mean,0.00034491650677246136
19,Laplace,Sample_Mean,0.00034475423682060687
20,Laplace,Sample_Mean,0.00034489109549570423
21,Laplace,Sample_Mean,0.0003448303031372798
22,Laplace,Sample_Mean,0.0003449307013001989
23,Laplace,Sample_Mean,0.0003446242999777181
24,Laplace,Sample_Mean,0.00034483469633365103
25,Laplace,Sample_Mean,0.0003448356139729454
26,Laplace,Sample_Mean,0.00034481996212213853
27,Laplace,Sample_Mean,0.0003448826188976798
28,Laplace,Sample_Mean,0.0003448005739522663
29,Laplace,Sample_Mean,0.00034480285631240993
30,Laplace,Sample_Mean,0.00034500316652874303
31,Laplace,Sample_Mean,0.00034496687820656627
32,Laplace,Sample_Mean,0.00034493661864690373
33,Laplace,Sample_Mean,0.0003448734646921419
34,Laplace,Sample_Mean,0.00034481438550421203
35,Laplace,Sample_Mean,0.0003448285711990041
36,Laplace,Sample_Mean,0.00034493116920311976
37,Laplace,Sample_Mean,0.0003448724226014066
38,Laplace,Sample_Mean,0.000344893355887665
39,Laplace,Sample_Mean,0.00034486552313314105
40,Laplace,Sample_Mean,0.0003448030759086798
41,Laplace,Sample_Mean,0.0003448148914494224
42,Laplace,Sample_Mean,0.0003449471206603367
43,Laplace,Sample_Mean,0.0003449951411418483
44,Laplace,Sample_Mean,0.00034484053426427335
45,Laplace,Sample_Mean,0.00034480235776675227
46,Laplace,Sample_Mean,0.0003449349711689008
47,Laplace,Sample_Mean,0.00034472434321007844
48,Laplace,Sample_Mean,0.0003447643029156476
0,Laplace,True,0.0003448275862068971
1,Laplace,True,0.00034482758630774657
2,Laplace,True,0.00034482759177464466
3,Laplace,True,0.00034482758630774657
4,Laplace,True,0.0003448275862068971
5,Laplace,True,0.0003448275862068965
6,Laplace,True,0.0003448275862068965
7,Laplace,True,0.00034482758630774657
8,Laplace,True,0.00034484455722087325
9,Laplace,True,0.00034576703133471463
10,Laplace,True,0.00034484455722087325
11,Laplace,True,0.00034482758630774657
12,Laplace,True,0.0003448275862068965
13,Laplace,True,0.0003448275862068965
14,Laplace,True,0.00034482759177464466
15,Laplace,True,0.00034576703133471463
16,Laplace,True,0.00040567951318458374
17,Laplace,True,0.0003457670312672982
18,Laplace,True,0.00034482758806281266
19,Laplace,True,0.0003448275861396632
20,Laplace,True,0.0003448275862068962
21,Laplace,True,0.00034482758630774657
22,Laplace,True,0.00034484455722087325
23,Laplace,True,0.0003457670312672982
24,Laplace,True,0.00034483324358274475
25,Laplace,True,0.0003442041204966247
26,Laplace,True,0.000344816273125552
27,Laplace,True,0.0003448275861396632
28,Laplace,True,0.0003448275862068971
29,Laplace,True,0.00034482758630774657
30,Laplace,True,0.00034482758806281266
31,Laplace,True,0.0003442041204966247
32,Laplace,True,0.0003134796238244519
33,Laplace,True,0.00034420412039595696
34,Laplace,True,0.0003448275824950646
35,Laplace,True,0.0003448275862068965
36,Laplace,True,0.0003448275862068965
37,Laplace,True,0.0003448275861396632
38,Laplace,True,0.000344816273125552
39,Laplace,True,0.00034420412039595696
40,Laplace,True,0.000344816273125552
41,Laplace,True,0.0003448275861396632
42,Laplace,True,0.0003448275862068965
43,Laplace,True,0.0003448275862068965
44,Laplace,True,0.0003448275862068962
45,Laplace,True,0.0003448275861396632
46,Laplace,True,0.0003448275824950646
47,Laplace,True,0.0003448275861396632
48,Laplace,True,0.0003448275862068962
0,TV,MLP,0.0003446230839472264
1,TV,MLP,0.00034452995168976486
2,TV,MLP,0.0003443730529397726
3,TV,MLP,0.00034531488199718297
4,TV,MLP,0.00034612754825502634
5,TV,MLP,0.0003473879478406161
6,TV,MLP,0.0003472902753856033
7,TV,MLP,0.0003426442854106426
8,TV,MLP,0.0003456579288467765
9,TV,MLP,0.0003424392780289054
10,TV,MLP,0.00034657545620575547
11,TV,MLP,0.0003476303827483207
12,TV,MLP,0.00034640004741959274
13,TV,MLP,0.0003447595809120685
14,TV,MLP,0.0003409742203075439
15,TV,MLP,0.000354124786099419
16,TV,MLP,0.00037259276723489165
17,TV,MLP,0.000360738777089864
18,TV,MLP,0.00034281020634807646
19,TV,MLP,0.00034477890585549176
20,TV,MLP,0.00034301920095458627
21,TV,MLP,0.0003416027466300875
22,TV,MLP,0.0003467796486802399
23,TV,MLP,0.00033609685488045216
24,TV,MLP,0.00035130922333337367
25,TV,MLP,0.00034780881833285093
26,TV,MLP,0.00034226139541715384
27,TV,MLP,0.0003392950166016817
28,TV,MLP,0.0003400743880774826
29,TV,MLP,0.00034418582799844444
30,TV,MLP,0.0003433182428125292
31,TV,MLP,0.0003368891775608063
32,TV,MLP,0.0003312240878585726
33,TV,MLP,0.00033796438947319984
34,TV,MLP,0.00033279770286753774
35,TV,MLP,0.0003395563689991832
36,TV,MLP,0.0003441344597376883
37,TV,MLP,0.0003452367673162371
38,TV,MLP,0.0003493727999739349
39,TV,MLP,0.0003441297449171543
40,TV,MLP,0.00034473915002308786
41,TV,MLP,0.0003384408191777766
42,TV,MLP,0.0003392861399333924
43,TV,MLP,0.00034641596721485257
44,TV,MLP,0.00034837255952879786
45,TV,MLP,0.00035011491854675114
46,TV,MLP,0.0003455800178926438
47,TV,MLP,0.0003507385845296085
48,TV,MLP,0.0003447763156145811
0,TV,CNN2D,0.00034425800549797714
1,TV,CNN2D,0.00034335971577093005
2,TV,CNN2D,0.000342936982633546
3,TV,CNN2D,0.00034353366936556995
4,TV,CNN2D,0.00034441964817233384
5,TV,CNN2D,0.0003458050487097353
6,TV,CNN2D,0.0003462368331383914
7,TV,CNN2D,0.0003426465846132487
8,TV,CNN2D,0.00034501220216043293
9,TV,CNN2D,0.00034278875682502985
10,TV,CNN2D,0.00034578421036712825
11,TV,CNN2D,0.0003490163362585008
12,TV,CNN2D,0.0003479347797110677
13,TV,CNN2D,0.00034718113602139056
14,TV,CNN2D,0.0003412596124690026
15,TV,CNN2D,0.00035285259946249425
16,TV,CNN2D,0.00037186211557127535
17,TV,CNN2D,0.00036197612644173205
18,TV,CNN2D,0.0003472266544122249
19,TV,CNN2D,0.0003451861266512424
20,TV,CNN2D,0.00034424825571477413
21,TV,CNN2D,0.0003416361578274518
22,TV,CNN2D,0.00034410713124088943
23,TV,CNN2D,0.000337878504069522
24,TV,CNN2D,0.00035008625127375126
25,TV,CNN2D,0.00034802875597961247
26,TV,CNN2D,0.0003443314926698804
27,TV,CNN2D,0.0003423962334636599
28,TV,CNN2D,0.0003401699650567025
29,TV,CNN2D,0.00034075448638759553
30,TV,CNN2D,0.0003436252009123564
31,TV,CNN2D,0.00033769349101930857
32,TV,CNN2D,0.0003334498615004122
33,TV,CNN2D,0.0003385137242730707
34,TV,CNN2D,0.0003347154997754842
35,TV,CNN2D,0.00033983602770604193
36,TV,CNN2D,0.00034063286148011684
37,TV,CNN2D,0.0003456437261775136
38,TV,CNN2D,0.0003473861434031278
39,TV,CNN2D,0.0003418618580326438
40,TV,CNN2D,0.00034387840423732996
41,TV,CNN2D,0.0003397586406208575
42,TV,CNN2D,0.0003396633255761117
43,TV,CNN2D,0.0003429166681598872
44,TV,CNN2D,0.0003491960815154016
45,TV,CNN2D,0.0003507689107209444
46,TV,CNN2D,0.000346716376952827
47,TV,CNN2D,0.0003497618599794805
48,TV,CNN2D,0.0003455578407738358
0,TV,DeepONet_MLP_Fourier,0.0003445445909164846
1,TV,DeepONet_MLP_Fourier,0.0003440621658228338
2,TV,DeepONet_MLP_Fourier,0.000343277701176703
3,TV,DeepONet_MLP_Fourier,0.000345018896041438
4,TV,DeepONet_MLP_Fourier,0.0003451063821557909
5,TV,DeepONet_MLP_Fourier,0.00034680464887060225
6,TV,DeepONet_MLP_Fourier,0.00034705872531048954
7,TV,DeepONet_MLP_Fourier,0.00034281754051335156
8,TV,DeepONet_MLP_Fourier,0.00034493612474761903
9,TV,DeepONet_MLP_Fourier,0.0003438255225773901
10,TV,DeepONet_MLP_Fourier,0.00034700409742072225
11,TV,DeepONet_MLP_Fourier,0.0003473772667348385
12,TV,DeepONet_MLP_Fourier,0.000345832813763991
13,TV,DeepONet_MLP_Fourier,0.0003451241645962
14,TV,DeepONet_MLP_Fourier,0.00034175225300714374
15,TV,DeepONet_MLP_Fourier,0.00035540308454073966
16,TV,DeepONet_MLP_Fourier,0.0003700379456859082
17,TV,DeepONet_MLP_Fourier,0.0003632129228208214
18,TV,DeepONet_MLP_Fourier,0.00034485963988117874
19,TV,DeepONet_MLP_Fourier,0.0003437752020545304
20,TV,DeepONet_MLP_Fourier,0.0003421715518925339
21,TV,DeepONet_MLP_Fourier,0.000342174171237275
22,TV,DeepONet_MLP_Fourier,0.0003455159312579781
23,TV,DeepONet_MLP_Fourier,0.0003353735082782805
24,TV,DeepONet_MLP_Fourier,0.00035317562287673354
25,TV,DeepONet_MLP_Fourier,0.0003515609132591635
26,TV,DeepONet_MLP_Fourier,0.0003418627893552184
27,TV,DeepONet_MLP_Fourier,0.0003387346223462373
28,TV,DeepONet_MLP_Fourier,0.0003412387450225651
29,TV,DeepONet_MLP_Fourier,0.00034397878334857523
30,TV,DeepONet_MLP_Fourier,0.0003417328407522291
31,TV,DeepONet_MLP_Fourier,0.0003399021807126701
32,TV,DeepONet_MLP_Fourier,0.000332292023813352
33,TV,DeepONet_MLP_Fourier,0.0003365298907738179
34,TV,DeepONet_MLP_Fourier,0.00033191373222507536
35,TV,DeepONet_MLP_Fourier,0.00034049994428642094
36,TV,DeepONet_MLP_Fourier,0.00034453338594175875
37,TV,DeepONet_MLP_Fourier,0.00034389624488539994
38,TV,DeepONet_MLP_Fourier,0.0003496113058645278
39,TV,DeepONet_MLP_Fourier,0.0003428348572924733
40,TV,DeepONet_MLP_Fourier,0.0003440591390244663
41,TV,DeepONet_MLP_Fourier,0.00033913293736986816
42,TV,DeepONet_MLP_Fourier,0.0003405847819522023
43,TV,DeepONet_MLP_Fourier,0.00034508120734244585
44,TV,DeepONet_MLP_Fourier,0.0003462337190285325
45,TV,DeepONet_MLP_Fourier,0.0003517376899253577
46,TV,DeepONet_MLP_Fourier,0.0003476226993370801
47,TV,DeepONet_MLP_Fourier,0.00034828143543563783
48,TV,DeepONet_MLP_Fourier,0.000341736595146358
0,TV,Gauss-Newton,0.00034738810780193314
1,TV,Gauss-Newton,0.0003475112939199674
2,TV,Gauss-Newton,0.0003368848835020582
3,TV,Gauss-Newton,0.00034229317403179724
4,TV,Gauss-Newton,0.0003472582541001107
5,TV,Gauss-Newton,0.00035241745776032866
6,TV,Gauss-Newton,0.0003468968070756514
7,TV,Gauss-Newton,0.0003390621627320086
8,TV,Gauss-Newton,0.00035003056496752316
9,TV,Gauss-Newton,0.00033390360763277204
10,TV,Gauss-Newton,0.0003449860438331567
11,TV,Gauss-Newton,0.00035067926831690977
12,TV,Gauss-Newton,0.0003475763594080797
13,TV,Gauss-Newton,0.0003445090161581512
14,TV,Gauss-Newton,0.00034778575001224906
15,TV,Gauss-Newton,0.00034592721756978396
16,TV,Gauss-Newton,0.0003900807581065424
17,TV,Gauss-Newton,0.00035015055691331416
18,TV,Gauss-Newton,0.0003476507991009447
19,TV,Gauss-Newton,0.0003473983170576166
20,TV,Gauss-Newton,0.00034278702892389084
21,TV,Gauss-Newton,0.00034235819605194087
22,TV,Gauss-Newton,0.0003461501116223693
23,TV,Gauss-Newton,0.00033625324235584243
24,TV,Gauss-Newton,0.0003475499526509059
25,TV,Gauss-Newton,0.0003510709803819956
26,TV,Gauss-Newton,0.000344887662145145
27,TV,Gauss-Newton,0.00034603840027568744
28,TV,Gauss-Newton,0.00034556433134900696
29,TV,Gauss-Newton,0.00033912581910378476
30,TV,Gauss-Newton,0.00034381659644534704
31,TV,Gauss-Newton,0.0003364667568330506
32,TV,Gauss-Newton,0.0003291080688489483
33,TV,Gauss-Newton,0.0003400866361915227
34,TV,Gauss-Newton,0.0003483487175304456
35,TV,Gauss-Newton,0.0003443370982935406
36,TV,Gauss-Newton,0.0003440766818145578
37,TV,Gauss-Newton,0.0003371719470279023
38,TV,Gauss-Newton,0.00035114311692823727
39,TV,Gauss-Newton,0.00035145836401323754
40,TV,Gauss-Newton,0.00034152852568760023
41,TV,Gauss-Newton,0.00033787708302950107
42,TV,Gauss-Newton,0.0003444985894601348
43,TV,Gauss-Newton,0.0003434943349843446
44,TV,Gauss-Newton,0.0003483070974652568
45,TV,Gauss-Newton,0.00034426795290813244
46,TV,Gauss-Newton,0.00034692068151519114
47,TV,Gauss-Newton,0.000352724108177976
48,TV,Gauss-Newton,0.0003483917764783552
0,TV,Sample_Mean,0.00034483896202344033
1,TV,Sample_Mean,0.00034490724454891143
2,TV,Sample_Mean,0.00034482129582107243
3,TV,Sample_Mean,0.000344814872748699
4,TV,Sample_Mean,0.00034482311678283906
5,TV,Sample_Mean,0.00034483222137245134
6,TV,Sample_Mean,0.00034489665936980656
7,TV,Sample_Mean,0.00034483015508180104
8,TV,Sample_Mean,0.0003449310026689731
9,TV,Sample_Mean,0.0003448672221378385
10,TV,Sample_Mean,0.00034485032260104164
11,TV,Sample_Mean,0.0003448769724792468
12,TV,Sample_Mean,0.00034479671697579733
13,TV,Sample_Mean,0.00034479573943127837
14,TV,Sample_Mean,0.0003448283652015401
15,TV,Sample_Mean,0.0003449240397314833
16,TV,Sample_Mean,0.0003449034193328788
17,TV,Sample_Mean,0.00034486082069031047
18,TV,Sample_Mean,0.0003448503736238469
19,TV,Sample_Mean,0.000344745701929996
20,TV,Sample_Mean,0.0003446718430740191
21,TV,Sample_Mean,0.00034483792547765823
22,TV,Sample_Mean,0.00034497606835620843
23,TV,Sample_Mean,0.0003448353418139807
24,TV,Sample_Mean,0.00034474545571707923
25,TV,Sample_Mean,0.00034479806221986544
26,TV,Sample_Mean,0.0003448649531652407
27,TV,Sample_Mean,0.00034474530826284107
28,TV,Sample_Mean,0.0003447638815037485
29,TV,Sample_Mean,0.00034498478066778167
30,TV,Sample_Mean,0.0003448424992401
31,TV,Sample_Mean,0.00034482763402345876
32,TV,Sample_Mean,0.0003448760637467146
33,TV,Sample_Mean,0.0003448244360457869
34,TV,Sample_Mean,0.0003446215803574171
35,TV,Sample_Mean,0.0003447520525362414
36,TV,Sample_Mean,0.00034492215256271073
37,TV,Sample_Mean,0.00034477387191737244
38,TV,Sample_Mean,0.00034477235742143536
39,TV,Sample_Mean,0.00034468533530026223
40,TV,Sample_Mean,0.00034467337864347924
41,TV,Sample_Mean,0.00034454363828647353
42,TV,Sample_Mean,0.00034478382437942164
43,TV,Sample_Mean,0.0003449037785221132
44,TV,Sample_Mean,0.0003448784256696292
45,TV,Sample_Mean,0.0003449271133426374
46,TV,Sample_Mean,0.000344931003967635
47,TV,Sample_Mean,0.00034492734753366555
48,TV,Sample_Mean,0.00034486638582971024
0,TV,True,0.0003448275862068971
1,TV,True,0.00034482758630774657
2,TV,True,0.00034482759177464466
3,TV,True,0.00034482758630774657
4,TV,True,0.0003448275862068971
5,TV,True,0.0003448275862068965
6,TV,True,0.0003448275862068965
7,TV,True,0.00034482758630774657
8,TV,True,0.00034484455722087325
9,TV,True,0.00034576703133471463
10,TV,True,0.00034484455722087325
11,TV,True,0.00034482758630774657
12,TV,True,0.0003448275862068965
13,TV,True,0.0003448275862068965
14,TV,True,0.00034482759177464466
15,TV,True,0.00034576703133471463
16,TV,True,0.00040567951318458374
17,TV,True,0.0003457670312672982
18,TV,True,0.00034482758806281266
19,TV,True,0.0003448275861396632
20,TV,True,0.0003448275862068962
21,TV,True,0.00034482758630774657
22,TV,True,0.00034484455722087325
23,TV,True,0.0003457670312672982
24,TV,True,0.00034483324358274475
25,TV,True,0.0003442041204966247
26,TV,True,0.000344816273125552
27,TV,True,0.0003448275861396632
28,TV,True,0.0003448275862068971
29,TV,True,0.00034482758630774657
30,TV,True,0.00034482758806281266
31,TV,True,0.0003442041204966247
32,TV,True,0.0003134796238244519
33,TV,True,0.00034420412039595696
34,TV,True,0.0003448275824950646
35,TV,True,0.0003448275862068965
36,TV,True,0.0003448275862068965
37,TV,True,0.0003448275861396632
38,TV,True,0.000344816273125552
39,TV,True,0.00034420412039595696
40,TV,True,0.000344816273125552
41,TV,True,0.0003448275861396632
42,TV,True,0.0003448275862068965
43,TV,True,0.0003448275862068965
44,TV,True,0.0003448275862068962
45,TV,True,0.0003448275861396632
46,TV,True,0.0003448275824950646
47,TV,True,0.0003448275861396632
48,TV,True,0.0003448275862068962
0,Uniform,MLP,0.00034676960785873234
1,Uniform,MLP,0.00034744368167594075
2,Uniform,MLP,0.0003404928429517895
3,Uniform,MLP,0.00034084951039403677
4,Uniform,MLP,0.0003459959989413619
5,Uniform,MLP,0.00035528940497897565
6,Uniform,MLP,0.00034425006015226245
7,Uniform,MLP,0.0003436975530348718
8,Uniform,MLP,0.0003520892350934446
9,Uniform,MLP,0.00032965897116810083
10,Uniform,MLP,0.00034799391869455576
11,Uniform,MLP,0.00035248268977738917
12,Uniform,MLP,0.00034623040119186044
13,Uniform,MLP,0.00034741967101581395
14,Uniform,MLP,0.0003464454784989357
15,Uniform,MLP,0.0003542194317560643
16,Uniform,MLP,0.0003693859907798469
17,Uniform,MLP,0.00035923192626796663
18,Uniform,MLP,0.00034844342735596
19,Uniform,MLP,0.0003469131188467145
20,Uniform,MLP,0.00034078030148521066
21,Uniform,MLP,0.0003452440141700208
22,Uniform,MLP,0.00035061314702033997
23,Uniform,MLP,0.0003254461626056582
24,Uniform,MLP,0.0003543311031535268
25,Uniform,MLP,0.00035348336677998304
26,Uniform,MLP,0.000343186198733747
27,Uniform,MLP,0.00034513065475039184
28,Uniform,MLP,0.00034572792355902493
29,Uniform,MLP,0.00034285441506654024
30,Uniform,MLP,0.0003415321698412299
31,Uniform,MLP,0.00033748577698133886
32,Uniform,MLP,0.0003329085011500865
33,Uniform,MLP,0.0003389434132259339
34,Uniform,MLP,0.0003466460038907826
35,Uniform,MLP,0.0003453111567068845
36,Uniform,MLP,0.0003419166605453938
37,Uniform,MLP,0.00034128539846278727
38,Uniform,MLP,0.00034812730154953897
39,Uniform,MLP,0.00035268900683149695
40,Uniform,MLP,0.00034259678795933723
41,Uniform,MLP,0.00034001743188127875
42,Uniform,MLP,0.0003432176890783012
43,Uniform,MLP,0.00034364964812994003
44,Uniform,MLP,0.00035016550100408494
45,Uniform,MLP,0.00034783410956151783
46,Uniform,MLP,0.00034632926690392196
47,Uniform,MLP,0.00035241423756815493
48,Uniform,MLP,0.00034850460360758007
0,Uniform,CNN2D,0.0003445156035013497
1,Uniform,CNN2D,0.00034401676384732127
2,Uniform,CNN2D,0.00034422651515342295
3,Uniform,CNN2D,0.00034250455792061985
4,Uniform,CNN2D,0.00034426216734573245
5,Uniform,CNN2D,0.00035608900361694396
6,Uniform,CNN2D,0.00034722380223684013
7,Uniform,CNN2D,0.0003444491885602474
8,Uniform,CNN2D,0.00034992070868611336
9,Uniform,CNN2D,0.00033611213439144194
10,Uniform,CNN2D,0.0003440564905758947
11,Uniform,CNN2D,0.0003498955338727683
12,Uniform,CNN2D,0.00034892800613306463
13,Uniform,CNN2D,0.0003448729694355279
14,Uniform,CNN2D,0.0003469503717496991
15,Uniform,CNN2D,0.0003521932812873274
16,Uniform,CNN2D,0.000370242225471884
17,Uniform,CNN2D,0.00035860418574884534
18,Uniform,CNN2D,0.000345325272064656
19,Uniform,CNN2D,0.0003482055617496371
20,Uniform,CNN2D,0.00034287836751900613
21,Uniform,CNN2D,0.0003402210131753236
22,Uniform,CNN2D,0.000349063309840858
23,Uniform,CNN2D,0.0003272195754107088
24,Uniform,CNN2D,0.00035292861866764724
25,Uniform,CNN2D,0.0003538647433742881
26,Uniform,CNN2D,0.0003444623725954443
27,Uniform,CNN2D,0.0003450635413173586
28,Uniform,CNN2D,0.00034979378688149154
29,Uniform,CNN2D,0.0003398823901079595
30,Uniform,CNN2D,0.00034084205981343985
31,Uniform,CNN2D,0.0003388955374248326
32,Uniform,CNN2D,0.00033422894193790853
33,Uniform,CNN2D,0.00033917187829501927
34,Uniform,CNN2D,0.0003473236574791372
35,Uniform,CNN2D,0.00034235964994877577
36,Uniform,CNN2D,0.00034208144643343985
37,Uniform,CNN2D,0.0003401363210286945
38,Uniform,CNN2D,0.0003478658327367157
39,Uniform,CNN2D,0.0003523163322824985
40,Uniform,CNN2D,0.00034250167664140463
41,Uniform,CNN2D,0.0003405256720725447
42,Uniform,CNN2D,0.0003445658949203789
43,Uniform,CNN2D,0.00034481199691072106
44,Uniform,CNN2D,0.0003483491309452802
45,Uniform,CNN2D,0.00034634038456715643
46,Uniform,CNN2D,0.0003457437560427934
47,Uniform,CNN2D,0.00035168396425433457
48,Uniform,CNN2D,0.00034718774259090424
0,Uniform,DeepONet_MLP_Fourier,0.00034497753949835896
1,Uniform,DeepONet_MLP_Fourier,0.0003466749913059175
2,Uniform,DeepONet_MLP_Fourier,0.00034204983967356384
3,Uniform,DeepONet_MLP_Fourier,0.00034214361221529543
4,Uniform,DeepONet_MLP_Fourier,0.0003459364525042474
5,Uniform,DeepONet_MLP_Fourier,0.0003545748768374324
6,Uniform,DeepONet_MLP_Fourier,0.0003457597049418837
7,Uniform,DeepONet_MLP_Fourier,0.00034472995321266353
8,Uniform,DeepONet_MLP_Fourier,0.0003508821246214211
9,Uniform,DeepONet_MLP_Fourier,0.0003325204597786069
10,Uniform,DeepONet_MLP_Fourier,0.0003495879063848406
11,Uniform,DeepONet_MLP_Fourier,0.00034886738285422325
12,Uniform,DeepONet_MLP_Fourier,0.00034713675267994404
13,Uniform,DeepONet_MLP_Fourier,0.00034523147041909397
14,Uniform,DeepONet_MLP_Fourier,0.0003441848966758698
15,Uniform,DeepONet_MLP_Fourier,0.0003524911298882216
16,Uniform,DeepONet_MLP_Fourier,0.00037039403105154634
17,Uniform,DeepONet_MLP_Fourier,0.00036085164174437523
18,Uniform,DeepONet_MLP_Fourier,0.0003474977274890989
19,Uniform,DeepONet_MLP_Fourier,0.00034747019526548684
20,Uniform,DeepONet_MLP_Fourier,0.0003438616113271564
21,Uniform,DeepONet_MLP_Fourier,0.00034521304769441485
22,Uniform,DeepONet_MLP_Fourier,0.00034882142790593207
23,Uniform,DeepONet_MLP_Fourier,0.0003278876538388431
24,Uniform,DeepONet_MLP_Fourier,0.00035283822217024863
25,Uniform,DeepONet_MLP_Fourier,0.00035448928247205913
26,Uniform,DeepONet_MLP_Fourier,0.00034262551343999803
27,Uniform,DeepONet_MLP_Fourier,0.0003434575046412647
28,Uniform,DeepONet_MLP_Fourier,0.00034521447378210723
29,Uniform,DeepONet_MLP_Fourier,0.0003418535634409636
30,Uniform,DeepONet_MLP_Fourier,0.0003410220379009843
31,Uniform,DeepONet_MLP_Fourier,0.0003358572721481323
32,Uniform,DeepONet_MLP_Fourier,0.00033333670580759645
33,Uniform,DeepONet_MLP_Fourier,0.00033781075035221875
34,Uniform,DeepONet_MLP_Fourier,0.0003486217756289989
35,Uniform,DeepONet_MLP_Fourier,0.0003455188125371933
36,Uniform,DeepONet_MLP_Fourier,0.0003435488906688988
37,Uniform,DeepONet_MLP_Fourier,0.0003391800564713776
38,Uniform,DeepONet_MLP_Fourier,0.00034807753399945796
39,Uniform,DeepONet_MLP_Fourier,0.00035366363590583205
40,Uniform,DeepONet_MLP_Fourier,0.0003406671166885644
41,Uniform,DeepONet_MLP_Fourier,0.00034047532244585454
42,Uniform,DeepONet_MLP_Fourier,0.0003459000727161765
43,Uniform,DeepONet_MLP_Fourier,0.00034521898487582803
44,Uniform,DeepONet_MLP_Fourier,0.0003497746947687119
45,Uniform,DeepONet_MLP_Fourier,0.00034568022238090634
46,Uniform,DeepONet_MLP_Fourier,0.00034402977325953543
47,Uniform,DeepONet_MLP_Fourier,0.0003537652373779565
48,Uniform,DeepONet_MLP_Fourier,0.00034672056790441275
0,Uniform,Gauss-Newton,0.00034738810780193314
1,Uniform,Gauss-Newton,0.0003475112939199674
2,Uniform,Gauss-Newton,0.0003368848835020582
3,Uniform,Gauss-Newton,0.00034229317403179724
4,Uniform,Gauss-Newton,0.0003472582541001107
5,Uniform,Gauss-Newton,0.00035241745776032866
6,Uniform,Gauss-Newton,0.0003468968070756514
7,Uniform,Gauss-Newton,0.0003390621627320086
8,Uniform,Gauss-Newton,0.00035003056496752316
9,Uniform,Gauss-Newton,0.00033390360763277204
10,Uniform,Gauss-Newton,0.0003449860438331567
11,Uniform,Gauss-Newton,0.00035067926831690977
12,Uniform,Gauss-Newton,0.0003475763594080797
13,Uniform,Gauss-Newton,0.0003445090161581512
14,Uniform,Gauss-Newton,0.00034778575001224906
15,Uniform,Gauss-Newton,0.00034592721756978396
16,Uniform,Gauss-Newton,0.0003900807581065424
17,Uniform,Gauss-Newton,0.00035015055691331416
18,Uniform,Gauss-Newton,0.0003476507991009447
19,Uniform,Gauss-Newton,0.0003473983170576166
20,Uniform,Gauss-Newton,0.00034278702892389084
21,Uniform,Gauss-Newton,0.00034235819605194087
22,Uniform,Gauss-Newton,0.0003461501116223693
23,Uniform,Gauss-Newton,0.00033625324235584243
24,Uniform,Gauss-Newton,0.0003475499526509059
25,Uniform,Gauss-Newton,0.0003510709803819956
26,Uniform,Gauss-Newton,0.000344887662145145
27,Uniform,Gauss-Newton,0.00034603840027568744
28,Uniform,Gauss-Newton,0.00034556433134900696
29,Uniform,Gauss-Newton,0.00033912581910378476
30,Uniform,Gauss-Newton,0.00034381659644534704
31,Uniform,Gauss-Newton,0.0003364667568330506
32,Uniform,Gauss-Newton,0.0003291080688489483
33,Uniform,Gauss-Newton,0.0003400866361915227
34,Uniform,Gauss-Newton,0.0003483487175304456
35,Uniform,Gauss-Newton,0.0003443370982935406
36,Uniform,Gauss-Newton,0.0003440766818145578
37,Uniform,Gauss-Newton,0.0003371719470279023
38,Uniform,Gauss-Newton,0.00035114311692823727
39,Uniform,Gauss-Newton,0.00035145836401323754
40,Uniform,Gauss-Newton,0.00034152852568760023
41,Uniform,Gauss-Newton,0.00033787708302950107
42,Uniform,Gauss-Newton,0.0003444985894601348
43,Uniform,Gauss-Newton,0.0003434943349843446
44,Uniform,Gauss-Newton,0.0003483070974652568
45,Uniform,Gauss-Newton,0.00034426795290813244
46,Uniform,Gauss-Newton,0.00034692068151519114
47,Uniform,Gauss-Newton,0.000352724108177976
48,Uniform,Gauss-Newton,0.0003483917764783552
0,Uniform,Sample_Mean,0.00034488343019200565
1,Uniform,Sample_Mean,0.00034476065275559393
2,Uniform,Sample_Mean,0.00034484103876500084
3,Uniform,Sample_Mean,0.00034483818696397597
4,Uniform,Sample_Mean,0.00034481051479986823
5,Uniform,Sample_Mean,0.0003448271896216523
6,Uniform,Sample_Mean,0.0003448877882231568
7,Uniform,Sample_Mean,0.000344833800649501
8,Uniform,Sample_Mean,0.0003447547641488115
9,Uniform,Sample_Mean,0.00034490076307952457
10,Uniform,Sample_Mean,0.00034485821987011265
11,Uniform,Sample_Mean,0.000344633391391106
12,Uniform,Sample_Mean,0.00034475581918993944
13,Uniform,Sample_Mean,0.0003449552071702575
14,Uniform,Sample_Mean,0.00034477393175113137
15,Uniform,Sample_Mean,0.00034468495148198093
16,Uniform,Sample_Mean,0.0003449743951420331
17,Uniform,Sample_Mean,0.00034480156192292843
18,Uniform,Sample_Mean,0.000344904640010068
19,Uniform,Sample_Mean,0.00034489428911418387
20,Uniform,Sample_Mean,0.000344796006530892
21,Uniform,Sample_Mean,0.00034485499947941635
22,Uniform,Sample_Mean,0.00034479896961815617
23,Uniform,Sample_Mean,0.0003447864892257306
24,Uniform,Sample_Mean,0.0003448383571908503
25,Uniform,Sample_Mean,0.0003447862484670706
26,Uniform,Sample_Mean,0.00034489579201138265
27,Uniform,Sample_Mean,0.0003447317499862491
28,Uniform,Sample_Mean,0.0003449010537044184
29,Uniform,Sample_Mean,0.00034486195769433764
30,Uniform,Sample_Mean,0.0003448610537906233
31,Uniform,Sample_Mean,0.00034485210340572017
32,Uniform,Sample_Mean,0.00034481845856409115
33,Uniform,Sample_Mean,0.0003447831432740353
34,Uniform,Sample_Mean,0.0003447261619936911
35,Uniform,Sample_Mean,0.0003449179391054302
36,Uniform,Sample_Mean,0.00034478335417168046
37,Uniform,Sample_Mean,0.0003447589535927441
38,Uniform,Sample_Mean,0.00034475435753859456
39,Uniform,Sample_Mean,0.00034466561844411
40,Uniform,Sample_Mean,0.0003448880728568866
41,Uniform,Sample_Mean,0.0003448784454554017
42,Uniform,Sample_Mean,0.0003446404582929501
43,Uniform,Sample_Mean,0.00034486836435215
44,Uniform,Sample_Mean,0.0003446976938863579
45,Uniform,Sample_Mean,0.0003447861721062299
46,Uniform,Sample_Mean,0.0003447292308512655
47,Uniform,Sample_Mean,0.00034485552357442847
48,Uniform,Sample_Mean,0.0003447168491704762
0,Uniform,True,0.0003448275862068971
1,Uniform,True,0.00034482758630774657
2,Uniform,True,0.00034482759177464466
3,Uniform,True,0.00034482758630774657
4,Uniform,True,0.0003448275862068971
5,Uniform,True,0.0003448275862068965
6,Uniform,True,0.0003448275862068965
7,Uniform,True,0.00034482758630774657
8,Uniform,True,0.00034484455722087325
9,Uniform,True,0.00034576703133471463
10,Uniform,True,0.00034484455722087325
11,Uniform,True,0.00034482758630774657
12,Uniform,True,0.0003448275862068965
13,Uniform,True,0.0003448275862068965
14,Uniform,True,0.00034482759177464466
15,Uniform,True,0.00034576703133471463
16,Uniform,True,0.00040567951318458374
17,Uniform,True,0.0003457670312672982
18,Uniform,True,0.00034482758806281266
19,Uniform,True,0.0003448275861396632
20,Uniform,True,0.0003448275862068962
21,Uniform,True,0.00034482758630774657
22,Uniform,True,0.00034484455722087325
23,Uniform,True,0.0003457670312672982
24,Uniform,True,0.00034483324358274475
25,Uniform,True,0.0003442041204966247
26,Uniform,True,0.000344816273125552
27,Uniform,True,0.0003448275861396632
28,Uniform,True,0.0003448275862068971
29,Uniform,True,0.00034482758630774657
30,Uniform,True,0.00034482758806281266
31,Uniform,True,0.0003442041204966247
32,Uniform,True,0.0003134796238244519
33,Uniform,True,0.00034420412039595696
34,Uniform,True,0.0003448275824950646
35,Uniform,True,0.0003448275862068965
36,Uniform,True,0.0003448275862068965
37,Uniform,True,0.0003448275861396632
38,Uniform,True,0.000344816273125552
39,Uniform,True,0.00034420412039595696
40,Uniform,True,0.000344816273125552
41,Uniform,True,0.0003448275861396632
42,Uniform,True,0.0003448275862068965
43,Uniform,True,0.0003448275862068965
44,Uniform,True,0.0003448275862068962
45,Uniform,True,0.0003448275861396632
46,Uniform,True,0.0003448275824950646
47,Uniform,True,0.0003448275861396632
48,Uniform,True,0.0003448275862068962
